,open_covid_region_code,country_region_code,country_region,sub_region_1,sub_region_1_code,date,symptom:Allergic conjunctivitis,symptom:Angular cheilitis,symptom:Aphonia,symptom:Auditory hallucination,symptom:Burning Chest Pain,symptom:Clouding of consciousness,symptom:Crackles,symptom:Crepitus,symptom:Depersonalization,symptom:Dysautonomia,symptom:Epiphora,symptom:Hemolysis,symptom:Laryngitis,symptom:Myoclonus,symptom:Nasal polyp,symptom:Polydipsia,symptom:Pulmonary edema,symptom:Rectal pain,symptom:Rumination,symptom:Shallow breathing,symptom:Stridor,symptom:Urinary urgency,symptom:Ventricular fibrillation,symptom:Viral pneumonia,hospitalized_new
0,US-AK,US,United States,Alaska,US-AK,2020-03-09,11.61,,7.91,,,,,,,9.76,7.57,,12.45,7.07,9.42,,7.57,7.07,8.58,8.08,13.97,,,18.85,0.0
1,US-AK,US,United States,Alaska,US-AK,2020-03-16,6.39,,7.95,,9.51,,8.57,,7.64,8.73,7.17,8.1,15.9,,9.2,,9.04,7.33,11.85,10.91,12.94,,,24.94,0.0
2,US-AK,US,United States,Alaska,US-AK,2020-03-23,,,,6.45,14.08,,8.36,,,7.19,14.96,15.55,7.04,,7.33,,8.21,6.31,11.44,9.24,10.85,,7.04,13.79,6.0
3,US-AK,US,United States,Alaska,US-AK,2020-03-30,7.11,,,6.54,8.53,6.68,,,9.81,,7.82,7.82,,5.69,8.67,8.11,10.38,,9.1,10.81,12.51,7.96,7.11,8.82,14.0
4,US-AK,US,United States,Alaska,US-AK,2020-04-06,,7.06,,,7.2,,7.2,,7.06,,,8.79,5.76,,9.51,6.19,9.36,10.37,9.07,7.06,,,,9.07,11.0
5,US-AK,US,United States,Alaska,US-AK,2020-04-13,,6.52,,9.5,7.8,8.94,7.23,7.94,13.9,,,8.94,,7.8,,,12.34,,7.38,6.81,,,,,5.0
6,US-AK,US,United States,Alaska,US-AK,2020-04-20,6.24,,,9.87,7.69,5.95,6.39,11.03,9.43,,8.13,8.42,,,9.72,,,,9.0,,10.6,,9.0,,-36.0
7,US-AK,US,United States,Alaska,US-AK,2020-04-27,,,,9.98,,6.26,6.26,7.45,9.24,6.41,7.9,7.9,,12.96,13.56,7.15,,6.11,8.94,,7.3,7.0,9.83,,0.0
8,US-AK,US,United States,Alaska,US-AK,2020-05-04,7.52,,,,10.68,8.42,,8.12,7.07,8.57,9.62,,,8.27,7.07,,6.17,10.83,7.97,,8.57,,10.53,,0.0
9,US-AK,US,United States,Alaska,US-AK,2020-05-11,27.41,,,7.31,,,7.31,8.98,8.98,,14.31,,,,6.85,,,,7.77,6.09,,,7.92,,0.0
10,US-AK,US,United States,Alaska,US-AK,2020-05-18,18.78,9.08,,,6.93,7.39,,,8.16,,9.7,,,7.08,,,8.46,6.31,,,6.77,,8.62,,0.0
11,US-AK,US,United States,Alaska,US-AK,2020-05-25,9.47,,,6.21,,,,,12.26,,8.07,6.99,,,8.07,,,6.36,9.93,,6.52,6.67,6.36,,0.0
12,US-AK,US,United States,Alaska,US-AK,2020-06-01,8.25,11.05,,6.22,,12.6,,8.71,,,,7.0,,6.85,6.38,,,,6.54,6.38,,,,,0.0
13,US-AK,US,United States,Alaska,US-AK,2020-06-08,,9.8,,9.64,,7.16,,7.0,13.69,10.73,7.47,6.53,,9.02,,,6.53,8.24,8.87,,,6.69,9.18,,0.0
14,US-AK,US,United States,Alaska,US-AK,2020-06-15,,6.8,,7.88,,11.89,,,8.65,,,,,6.18,8.19,,,,9.11,,,6.49,6.95,,0.0
15,US-AK,US,United States,Alaska,US-AK,2020-06-22,6.95,7.11,7.41,7.88,,6.95,6.64,,6.49,,8.19,9.42,,,6.95,,,,10.5,,,,6.49,,0.0
16,US-AK,US,United States,Alaska,US-AK,2020-06-29,10.14,,,7.73,,,,9.66,9.82,6.44,7.57,,,7.08,6.92,,,,6.92,,6.44,,11.91,,0.0
17,US-AK,US,United States,Alaska,US-AK,2020-07-06,,,,7.83,,9.49,,9.34,9.49,,6.33,6.18,,6.78,7.68,,6.18,8.89,6.93,6.33,,8.74,7.68,6.48,0.0
18,US-AK,US,United States,Alaska,US-AK,2020-07-13,,6.52,7.43,6.52,,10.46,,10.76,6.37,7.73,11.97,,,6.97,8.64,,6.21,8.03,6.52,,7.58,6.97,7.28,,0.0
19,US-AK,US,United States,Alaska,US-AK,2020-07-20,9.04,,,6.63,6.93,8.58,,6.93,10.24,6.78,,,,,10.99,,8.43,6.78,7.53,,,,7.08,,0.0
20,US-AK,US,United States,Alaska,US-AK,2020-07-27,,,,7.82,8.42,8.27,7.52,9.77,10.68,7.07,7.82,7.97,,9.32,6.77,6.62,6.62,7.22,7.37,,,,,,0.0
21,US-AK,US,United States,Alaska,US-AK,2020-08-03,9.76,,,8.41,,15.17,6.76,8.56,10.36,7.81,6.61,,,8.71,7.51,,,6.01,11.11,,,7.81,8.86,,0.0
22,US-AK,US,United States,Alaska,US-AK,2020-08-10,,8.75,,7.22,,,,8.6,11.06,11.37,7.99,6.45,,,,,,,11.37,,,,7.22,,0.0
23,US-AK,US,United States,Alaska,US-AK,2020-08-17,,,,7.89,,9.68,10.12,7.89,8.93,7.59,7.29,6.55,,,6.85,5.96,,,9.38,,5.96,,6.55,,0.0
24,US-AK,US,United States,Alaska,US-AK,2020-08-24,,,,,7.65,7.51,,6.93,7.94,6.93,9.09,,,8.37,8.66,,5.77,,10.54,9.24,7.36,,8.37,,0.0
25,US-AK,US,United States,Alaska,US-AK,2020-08-31,,,6.82,6.08,6.23,10.97,,9.19,11.12,8.45,6.38,,,6.82,7.71,6.82,,6.08,11.86,8.01,,6.67,,6.97,0.0
26,US-AK,US,United States,Alaska,US-AK,2020-09-07,,,,7.79,,,7.49,8.09,13.04,7.94,,7.34,,,8.09,,6.14,8.39,,,6.89,8.84,10.64,,0.0
27,US-AK,US,United States,Alaska,US-AK,2020-09-14,,6.32,,10.72,,9.25,6.17,8.37,10.28,9.11,9.7,9.99,6.76,7.49,8.96,,6.76,8.08,10.28,,11.02,6.32,8.67,,0.0
28,US-AK,US,United States,Alaska,US-AK,2020-09-21,6.42,,,5.98,11.52,,,9.63,8.17,9.48,,7.73,6.71,,7.44,8.17,5.98,,11.38,,9.04,6.71,7.73,,0.0
29,US-DC,US,United States,District of Columbia,US-DC,2020-03-09,5.59,2.69,5.99,2.54,2.87,7.22,3.77,3.59,3.67,4.72,6.46,5.26,8.67,3.08,5.15,3.48,6.1,3.16,5.95,11.5,4.83,2.72,5.55,14.26,0.0
30,US-DC,US,United States,District of Columbia,US-DC,2020-03-16,4.93,4.3,4.68,2.32,4.93,5.27,3.79,4.64,3.08,3.2,6.66,4.85,6.53,2.95,4.34,3.79,5.44,3.58,6.41,15.0,6.7,2.95,3.71,12.9,0.0
31,US-DC,US,United States,District of Columbia,US-DC,2020-03-23,5.73,3.82,3.6,3.17,5.94,6.77,4.34,4.77,3.56,3.73,6.38,6.94,4.95,4.6,3.95,3.25,7.11,3.47,6.9,10.8,6.03,2.73,4.12,9.98,0.0
32,US-DC,US,United States,District of Columbia,US-DC,2020-03-30,7.54,5.62,2.53,3.92,4.75,5.23,6.23,5.41,2.75,2.53,4.97,5.62,4.4,4.4,5.32,4.01,6.5,3.36,7.19,9.29,3.97,4.01,4.18,7.32,0.0
33,US-DC,US,United States,District of Columbia,US-DC,2020-04-06,11.09,4.9,,3.83,5.53,5.21,2.9,5.48,3.43,3.3,8.11,3.07,2.23,2.72,4.54,4.01,5.57,4.14,8.06,7.49,4.5,2.41,4.95,4.01,0.0
34,US-DC,US,United States,District of Columbia,US-DC,2020-04-13,6.18,4.81,2.38,3.75,4.11,4.64,2.74,4.06,4.37,2.43,4.55,4.37,3.09,3.88,5.3,3.22,5.34,4.99,8.65,5.17,2.47,2.52,3.71,4.46,0.0
35,US-DC,US,United States,District of Columbia,US-DC,2020-04-20,4.25,4.82,2.1,3.33,3.24,5.43,2.94,5.34,2.02,3.07,4.73,4.99,3.07,2.94,4.16,2.94,4.47,3.5,7.18,4.34,3.9,3.07,4.07,3.33,0.0
36,US-DC,US,United States,District of Columbia,US-DC,2020-04-27,4.12,5.09,,4.38,3.94,3.68,2.44,4.92,3.81,3.5,4.03,4.34,2.79,4.12,3.68,3.72,4.3,3.72,8.15,5.58,2.88,2.75,3.45,3.28,0.0
37,US-DC,US,United States,District of Columbia,US-DC,2020-05-04,4.23,6.03,2.03,4.1,3.24,5.72,,5.81,4.14,2.52,5.04,4.41,2.57,4.37,6.39,3.2,4.32,4.91,7.34,5.09,3.78,3.96,3.96,1.94,0.0
38,US-DC,US,United States,District of Columbia,US-DC,2020-05-11,6.01,6.74,,4.78,3.78,4.51,2.91,5.87,3.42,2.64,5.51,4.28,2.73,3.64,3.73,4.46,3.6,4.74,6.83,4.83,3.37,3.42,2.64,2.19,0.0
39,US-DC,US,United States,District of Columbia,US-DC,2020-05-18,3.94,3.71,2.83,3.9,2.46,6.03,2.69,7.24,3.11,3.53,4.87,2.97,3.39,4.59,6.12,3.62,3.85,3.02,8.72,4.04,4.22,2.6,4.96,2.97,0.0
40,US-DC,US,United States,District of Columbia,US-DC,2020-05-25,6.1,3.55,,4.35,3.88,4.83,,4.87,4.12,2.18,4.26,3.5,3.41,4.21,4.12,3.79,4.68,4.45,7.48,6.01,,3.22,4.02,,0.0
41,US-DC,US,United States,District of Columbia,US-DC,2020-06-01,5.19,6.32,2.48,3.46,3.23,4.49,2.01,2.99,2.67,3.13,4.16,5.33,2.81,4.49,3.51,3.6,2.29,4.4,7.11,2.25,2.39,2.62,4.02,,0.0
42,US-DC,US,United States,District of Columbia,US-DC,2020-06-08,3.52,5.03,,3.85,2.58,4.7,2.16,5.45,4.7,3.62,4.56,5.45,2.07,4.32,3.52,4.18,4.18,3.95,7.71,3.62,,3.48,4.7,,0.0
43,US-DC,US,United States,District of Columbia,US-DC,2020-06-15,3.78,5.25,2.27,3.03,2.41,5.49,2.08,4.87,4.68,4.96,3.31,5.25,2.55,5.44,5.86,2.98,3.5,4.07,8.09,3.73,3.5,2.6,6.34,,0.0
44,US-DC,US,United States,District of Columbia,US-DC,2020-06-22,3.86,5.24,2.33,4.38,2.19,4.53,2.95,5.24,3.14,4.67,3.62,6.43,3.1,5.0,3.57,3.95,3.24,3.81,7.57,4.48,3.29,3.57,4.14,,0.0
45,US-DC,US,United States,District of Columbia,US-DC,2020-06-29,2.9,7.01,3.25,3.3,3.4,5.13,2.49,5.33,3.2,4.83,4.98,5.03,3.66,4.01,3.81,2.79,4.01,4.47,5.89,3.2,2.49,,3.61,,0.0
46,US-DC,US,United States,District of Columbia,US-DC,2020-07-06,2.99,4.53,2.36,2.22,2.84,6.5,2.6,4.82,3.57,5.49,4.24,5.49,2.7,4.72,5.54,4.05,2.7,4.1,6.94,4.38,2.6,5.3,3.85,,0.0
47,US-DC,US,United States,District of Columbia,US-DC,2020-07-13,3.52,3.94,3.23,2.61,3.56,6.46,2.57,4.66,3.42,5.27,4.51,5.99,3.18,2.76,4.89,3.37,3.23,3.71,7.22,5.46,2.95,3.09,4.04,2.09,0.0
48,US-DC,US,United States,District of Columbia,US-DC,2020-07-20,4.81,5.67,2.19,3.53,2.81,7.34,,4.58,4.48,4.53,5.67,3.43,3.05,3.67,3.91,4.53,3.91,4.81,7.77,3.34,3.53,4.05,4.67,,0.0
49,US-DC,US,United States,District of Columbia,US-DC,2020-07-27,2.92,4.63,2.48,3.35,3.35,6.83,,4.73,3.49,5.02,4.92,6.59,2.87,3.54,4.78,3.68,4.73,4.4,7.21,3.77,2.82,2.77,4.63,,0.0
50,US-DC,US,United States,District of Columbia,US-DC,2020-08-03,2.32,5.22,,4.4,2.23,6.38,2.66,4.74,4.59,7.54,4.98,6.34,3.53,5.08,4.5,3.48,4.69,3.29,6.53,3.0,2.9,2.9,3.14,,0.0
51,US-DC,US,United States,District of Columbia,US-DC,2020-08-10,3.83,4.9,2.28,4.37,3.44,5.24,,6.69,5.09,5.63,4.61,5.72,3.64,3.15,5.19,4.41,4.61,6.84,7.23,4.27,3.64,2.81,3.1,,0.0
52,US-DC,US,United States,District of Columbia,US-DC,2020-08-17,2.61,5.8,,2.17,2.56,5.8,3.38,5.7,4.06,4.64,4.49,4.64,2.03,5.17,6.52,4.49,3.86,3.86,7.25,3.24,3.33,3.91,4.44,,0.0
53,US-DC,US,United States,District of Columbia,US-DC,2020-08-24,3.04,3.87,,2.67,2.95,5.71,2.12,3.87,3.18,4.56,4.33,4.33,2.58,3.87,5.85,3.55,4.29,4.79,9.4,3.73,3.55,3.32,4.05,2.49,0.0
54,US-DC,US,United States,District of Columbia,US-DC,2020-08-31,2.32,5.16,2.37,3.85,3.67,7.11,,6.32,3.53,5.2,4.6,6.78,2.93,4.55,5.76,4.04,3.25,5.06,6.83,2.97,2.74,3.53,3.95,,0.0
55,US-DC,US,United States,District of Columbia,US-DC,2020-09-07,2.68,4.66,4.75,4.43,3.37,6.79,2.72,5.12,5.95,4.34,4.52,5.31,2.77,4.8,4.89,3.74,3.46,4.89,8.91,3.32,4.06,3.74,3.97,,0.0
56,US-DC,US,United States,District of Columbia,US-DC,2020-09-14,2.24,6.22,2.87,3.58,3.85,6.54,,5.28,4.79,5.6,3.98,6.76,3.27,4.97,6.18,3.27,3.4,4.3,7.88,2.69,3.76,4.52,4.43,,0.0
57,US-DC,US,United States,District of Columbia,US-DC,2020-09-21,2.9,5.28,2.33,3.08,3.34,7.39,2.95,5.63,5.37,4.75,4.93,7.35,2.64,4.8,4.49,4.09,3.87,4.18,9.33,3.52,3.39,4.09,3.61,,0.0
58,US-DE,US,United States,Delaware,US-DE,2020-03-09,9.29,4.56,10.22,9.37,6.59,6.84,6.17,8.7,7.6,9.8,11.32,6.67,18.33,6.59,12.5,6.33,10.05,5.57,4.98,11.82,11.74,4.81,6.84,17.14,0.0
59,US-DE,US,United States,Delaware,US-DE,2020-03-16,9.52,6.26,8.13,4.88,9.93,5.86,11.06,8.05,5.53,5.29,12.53,10.01,10.17,5.29,6.1,4.15,9.76,6.92,9.03,14.56,12.12,6.34,6.1,20.91,0.0
60,US-DE,US,United States,Delaware,US-DE,2020-03-23,6.16,4.91,6.47,8.27,11.39,5.77,10.84,9.05,8.97,6.4,14.35,22.15,9.67,5.93,6.79,7.41,9.9,7.17,9.36,12.01,10.69,7.25,4.84,13.73,0.0
61,US-DE,US,United States,Delaware,US-DE,2020-03-30,9.78,8.43,5.72,7.15,10.99,7.15,9.41,9.33,8.73,7.9,9.93,14.82,6.7,7.53,3.24,5.95,11.89,4.37,7.53,13.62,10.31,5.34,6.62,11.81,0.0
62,US-DE,US,United States,Delaware,US-DE,2020-04-06,9.7,7.27,4.77,7.35,8.26,5.3,7.35,9.62,5.83,4.47,7.42,13.41,3.86,5.0,8.79,7.8,8.94,6.74,7.65,9.24,5.68,6.59,9.62,7.2,0.0
63,US-DE,US,United States,Delaware,US-DE,2020-04-13,8.42,7.61,4.21,6.72,9.16,8.05,5.76,8.57,7.46,7.17,9.16,11.52,6.13,6.5,7.09,7.24,15.14,6.72,10.49,6.87,6.5,6.87,7.46,5.54,0.0
64,US-DE,US,United States,Delaware,US-DE,2020-04-20,8.54,7.67,3.5,9.35,8.1,9.93,6.64,9.64,6.94,5.62,9.49,11.24,5.99,6.72,7.67,7.67,10.66,7.59,8.18,10.37,9.13,5.84,6.57,5.48,0.0
65,US-DE,US,United States,Delaware,US-DE,2020-04-27,8.26,5.8,4.98,9.59,8.26,8.26,7.07,10.04,7.96,5.5,7.81,12.49,4.98,7.07,7.14,5.65,9.97,7.88,8.78,7.66,8.18,6.47,8.11,3.2,0.0
66,US-DE,US,United States,Delaware,US-DE,2020-05-04,8.78,6.92,,9.53,7.67,6.47,5.73,7.96,8.63,4.09,8.63,10.79,4.02,6.62,7.29,6.18,8.04,7.96,9.08,5.73,5.88,5.21,7.29,4.84,0.0
67,US-DE,US,United States,Delaware,US-DE,2020-05-11,8.03,6.74,3.94,12.11,8.18,8.4,6.43,8.55,6.13,5.98,9.31,6.36,4.09,8.03,7.34,7.04,7.27,7.27,8.93,6.13,6.96,6.13,5.75,4.69,0.0
68,US-DE,US,United States,Delaware,US-DE,2020-05-18,9.71,6.25,4.51,6.7,6.85,8.2,5.64,8.8,9.11,7.15,7.83,6.92,3.84,6.32,6.62,5.87,9.33,8.58,9.48,6.25,6.85,6.47,5.49,3.39,0.0
69,US-DE,US,United States,Delaware,US-DE,2020-05-25,9.7,4.77,,7.77,5.54,7.93,5.93,9.85,7.7,5.23,8.62,4.23,4.23,6.54,8.54,5.39,5.77,8.47,8.54,6.85,4.0,6.31,4.85,,0.0
70,US-DE,US,United States,Delaware,US-DE,2020-06-01,9.84,7.15,6.69,5.84,5.54,7.53,4.69,9.15,6.46,7.15,8.3,5.84,5.0,5.46,7.61,5.07,5.84,7.69,7.76,4.84,6.0,4.54,7.3,3.15,0.0
71,US-DE,US,United States,Delaware,US-DE,2020-06-08,5.08,6.01,3.47,10.71,5.7,8.17,5.08,7.47,8.47,5.55,8.78,8.4,4.47,7.09,6.86,5.7,8.63,7.63,8.63,4.93,5.08,4.39,7.86,,0.0
72,US-DE,US,United States,Delaware,US-DE,2020-06-15,6.49,9.15,4.07,10.4,4.38,9.23,8.91,8.84,8.37,7.74,6.18,7.27,6.33,8.13,8.29,5.32,8.05,7.58,8.6,5.08,3.67,6.57,6.33,,0.0
73,US-DE,US,United States,Delaware,US-DE,2020-06-22,6.26,5.95,6.1,6.42,6.88,10.33,5.63,9.39,4.69,4.69,8.69,6.81,3.68,6.34,7.98,7.75,6.65,9.62,7.59,6.65,4.54,6.81,7.59,,0.0
74,US-DE,US,United States,Delaware,US-DE,2020-06-29,4.96,6.14,3.7,7.24,5.74,8.65,5.9,8.5,9.52,9.36,8.18,7.0,5.51,9.21,6.45,5.19,7.08,7.87,8.03,7.87,6.14,5.9,7.95,,0.0
75,US-DE,US,United States,Delaware,US-DE,2020-07-06,3.84,7.45,4.99,8.6,6.06,8.6,5.99,10.36,8.44,7.45,8.21,8.06,5.6,8.98,8.9,5.76,7.98,5.45,6.91,5.99,5.76,9.06,7.06,3.15,0.0
76,US-DE,US,United States,Delaware,US-DE,2020-07-13,5.52,7.39,4.59,9.48,6.61,11.35,6.14,9.95,9.72,8.55,6.61,5.68,5.68,6.22,7.23,7.08,10.03,8.4,9.48,6.22,5.91,6.14,7.85,4.35,0.0
77,US-DE,US,United States,Delaware,US-DE,2020-07-20,5.52,6.38,4.12,7.23,5.13,9.02,5.37,9.49,8.24,6.92,7.7,5.37,4.82,9.88,6.46,5.6,9.72,9.8,8.87,6.22,5.13,6.53,7.31,3.42,0.0
78,US-DE,US,United States,Delaware,US-DE,2020-07-27,5.68,7.0,4.74,5.21,6.06,9.41,3.96,8.32,8.24,6.61,11.74,8.16,5.99,8.94,5.83,3.42,8.71,6.38,12.36,6.53,6.45,7.23,6.22,,0.0
79,US-DE,US,United States,Delaware,US-DE,2020-08-03,4.07,4.54,5.01,8.46,5.64,9.63,4.93,9.47,10.34,9.24,7.05,5.95,6.11,9.79,7.59,5.17,7.28,7.36,8.06,5.95,6.03,10.02,8.46,,0.0
80,US-DE,US,United States,Delaware,US-DE,2020-08-10,4.81,6.9,4.5,10.08,6.9,8.14,4.58,6.67,9.77,8.84,10.47,5.82,8.3,8.3,7.29,3.1,8.14,6.75,7.99,5.51,3.33,7.6,5.89,,0.0
81,US-DE,US,United States,Delaware,US-DE,2020-08-17,7.12,7.12,4.82,6.09,5.3,10.52,3.48,9.17,7.83,10.12,9.81,5.06,5.3,7.28,7.91,5.14,6.72,7.67,9.25,6.17,5.85,5.85,5.69,3.48,0.0
82,US-DE,US,United States,Delaware,US-DE,2020-08-24,5.98,6.52,6.29,8.93,6.06,8.31,7.07,6.91,7.84,8.46,5.2,6.45,4.89,6.45,6.83,6.75,8.54,7.38,9.16,4.97,6.13,7.84,7.22,,0.0
83,US-DE,US,United States,Delaware,US-DE,2020-08-31,3.85,6.24,4.0,9.17,6.86,10.32,5.55,7.01,9.32,8.7,8.09,5.55,3.39,8.63,9.09,6.08,9.55,8.63,9.17,5.85,6.16,7.16,8.09,5.08,0.0
84,US-DE,US,United States,Delaware,US-DE,2020-09-07,6.91,7.8,4.9,7.72,5.57,13.37,6.24,8.47,6.91,8.77,8.39,10.62,7.21,5.87,5.87,6.54,7.87,11.37,10.25,5.64,7.21,7.28,8.47,3.86,0.0
85,US-DE,US,United States,Delaware,US-DE,2020-09-14,5.99,6.29,4.59,8.95,5.84,10.95,7.99,8.73,7.62,7.47,8.88,12.05,5.92,7.25,8.28,6.66,6.36,8.58,8.88,7.25,6.95,6.36,7.99,3.18,0.0
86,US-DE,US,United States,Delaware,US-DE,2020-09-21,6.27,7.74,3.98,8.92,5.16,12.16,10.39,9.66,10.03,9.8,8.4,14.15,5.46,7.67,11.57,7.0,5.6,8.48,11.35,5.53,8.99,8.33,7.52,4.13,0.0
87,US-HI,US,United States,Hawaii,US-HI,2020-03-09,,32.41,64.27,,,,31.58,,,,,,79.22,,,,,,,49.58,,,,100.0,0.0
88,US-HI,US,United States,Hawaii,US-HI,2020-03-16,,28.68,50.26,,,,37.77,,,,,,84.34,,,,,,,83.77,,,,88.6,0.0
89,US-HI,US,United States,Hawaii,US-HI,2020-03-23,,31.62,36.37,,,,42.81,,,,,,57.92,,,,,,,73.87,,,,70.51,12.0
90,US-HI,US,United States,Hawaii,US-HI,2020-03-30,,39.39,28.45,,,,36.11,,,,,,39.67,,,,,,,60.19,,,,46.78,7.0
91,US-HI,US,United States,Hawaii,US-HI,2020-04-06,,36.26,23.07,,,,26.64,,,,,,26.92,,,,,,,44.5,,,,28.57,25.0
92,US-HI,US,United States,Hawaii,US-HI,2020-04-13,,47.51,23.21,,,,22.67,,,,,,28.07,,,,,,,42.11,,,,14.04,7.0
93,US-HI,US,United States,Hawaii,US-HI,2020-04-20,,31.97,17.34,,,,19.78,,,,,,16.25,,,,,,,34.13,,,,24.92,17.0
94,US-HI,US,United States,Hawaii,US-HI,2020-04-27,,37.96,22.0,,,,22.28,,,,,,30.81,,,,,,,30.53,,,,22.83,4.0
95,US-HI,US,United States,Hawaii,US-HI,2020-05-04,,38.03,,,,,18.46,,,,,,17.34,,,,,,,28.25,,,,15.66,9.0
96,US-HI,US,United States,Hawaii,US-HI,2020-05-11,,37.09,16.99,,,,24.35,,,,,,24.07,,,,,,,31.71,,,,,1.0
97,US-HI,US,United States,Hawaii,US-HI,2020-05-18,,27.92,,,,,26.48,,,,,,24.47,,,,,,,22.45,,,,,2.0
98,US-HI,US,United States,Hawaii,US-HI,2020-05-25,,46.53,20.45,,,,20.45,,,,,,17.78,,,,,,,36.16,,,,,-1.0
99,US-HI,US,United States,Hawaii,US-HI,2020-06-01,,27.99,14.29,,,,22.93,,,,,,19.36,,,,,,,25.91,,,,,0.0
100,US-HI,US,United States,Hawaii,US-HI,2020-06-08,,34.94,13.62,,,,26.35,,,,,,21.91,,,,,,,29.31,,,,17.47,6.0
101,US-HI,US,United States,Hawaii,US-HI,2020-06-15,,37.62,15.82,,,,26.57,,,,,,13.73,,,,,,,29.56,,,,18.21,7.0
102,US-HI,US,United States,Hawaii,US-HI,2020-06-22,,30.68,19.55,,,,16.24,,,,,,22.86,,,,,,,34.89,,,,,14.0
103,US-HI,US,United States,Hawaii,US-HI,2020-06-29,,26.87,20.46,,,,14.96,,,,,,24.73,,,,,,,31.45,,,,,8.0
104,US-HI,US,United States,Hawaii,US-HI,2020-07-06,,22.45,21.55,,,,22.45,,,,,,28.74,,,,,,,35.62,,,,18.56,7.0
105,US-HI,US,United States,Hawaii,US-HI,2020-07-13,,36.8,22.73,,,,24.83,,,,,,25.13,,,,,,,37.09,,,,17.95,15.0
106,US-HI,US,United States,Hawaii,US-HI,2020-07-20,,30.39,24.78,,,,18.29,,,,,,19.18,,,,,,,41.01,,,,16.52,21.0
107,US-HI,US,United States,Hawaii,US-HI,2020-07-27,,28.5,25.8,,,,28.5,,,,,,16.5,,,,,,,33.0,,,,14.1,33.0
108,US-HI,US,United States,Hawaii,US-HI,2020-08-03,,40.95,32.11,,,,15.91,,,,,,35.06,,,,,,,34.47,,,,,43.0
109,US-HI,US,United States,Hawaii,US-HI,2020-08-10,,29.11,16.3,,,,21.83,,,,,,23.58,,,,,,,29.69,,,,,42.0
110,US-HI,US,United States,Hawaii,US-HI,2020-08-17,,36.2,17.4,,,,22.73,,,,,,19.36,,,,,,,36.2,,,,19.93,98.0
111,US-HI,US,United States,Hawaii,US-HI,2020-08-24,,29.67,27.25,,,,22.39,,,,,,17.53,,,,,,,20.5,,,,11.33,120.0
112,US-HI,US,United States,Hawaii,US-HI,2020-08-31,,33.4,23.35,,,,28.79,,,,,,23.62,,,,,,,39.92,,,,13.04,95.0
113,US-HI,US,United States,Hawaii,US-HI,2020-09-07,,31.86,16.07,,,,31.59,,,,,,14.16,,,,,,,28.05,,,,18.52,43.0
114,US-HI,US,United States,Hawaii,US-HI,2020-09-14,,30.14,23.35,,,,22.54,,,,,,21.99,,,,,,,33.13,,,,,91.0
115,US-HI,US,United States,Hawaii,US-HI,2020-09-21,,34.62,22.36,,,,25.63,,,,,,28.08,,,,,,,36.26,,,,14.99,76.0
116,US-ID,US,United States,Idaho,US-ID,2020-03-09,,,42.41,,,,,,,,,,,,,,,,,,,,,100.0,0.0
117,US-ID,US,United States,Idaho,US-ID,2020-03-16,,,35.39,,,,,,,,,,,,,,,,,,,,,95.86,0.0
118,US-ID,US,United States,Idaho,US-ID,2020-03-23,,,24.71,,,,,,,,,,,,,,,,,,,,,68.63,36.0
119,US-ID,US,United States,Idaho,US-ID,2020-03-30,,,18.95,,,,,,,,,,,,,,,,,,,,,50.91,30.0
120,US-ID,US,United States,Idaho,US-ID,2020-04-06,,,17.13,,,,,,,,,,,,,,,,,,,,,34.62,65.0
121,US-ID,US,United States,Idaho,US-ID,2020-04-13,,,16.04,,,,,,,,,,,,,,,,,,,,,24.69,20.0
122,US-ID,US,United States,Idaho,US-ID,2020-04-20,,,16.7,,,,,,,,,,,,,,,,,,,,,20.37,18.0
123,US-ID,US,United States,Idaho,US-ID,2020-04-27,,,12.8,,,,,,,,,,,,,,,,,,,,,13.35,31.0
124,US-ID,US,United States,Idaho,US-ID,2020-05-04,,,14.23,,,,,,,,,,,,,,,,,,,,,12.71,7.0
125,US-ID,US,United States,Idaho,US-ID,2020-05-11,,,12.54,,,,,,,,,,,,,,,,,,,,,13.86,6.0
126,US-ID,US,United States,Idaho,US-ID,2020-05-18,,,15.66,,,,,,,,,,,,,,,,,,,,,12.57,12.0
127,US-ID,US,United States,Idaho,US-ID,2020-05-25,,,15.32,,,,,,,,,,,,,,,,,,,,,13.51,17.0
128,US-ID,US,United States,Idaho,US-ID,2020-06-01,,,14.34,,,,,,,,,,,,,,,,,,,,,8.16,18.0
129,US-ID,US,United States,Idaho,US-ID,2020-06-08,,,,,,,,,,,,,,,,,,,,,,,,8.53,6.0
130,US-ID,US,United States,Idaho,US-ID,2020-06-15,,,13.52,,,,,,,,,,,,,,,,,,,,,10.29,17.0
131,US-ID,US,United States,Idaho,US-ID,2020-06-22,,,22.95,,,,,,,,,,,,,,,,,,,,,10.87,29.0
132,US-ID,US,United States,Idaho,US-ID,2020-06-29,,,18.34,,,,,,,,,,,,,,,,,,,,,16.07,47.0
133,US-ID,US,United States,Idaho,US-ID,2020-07-06,,,18.29,,,,,,,,,,,,,,,,,,,,,20.08,109.0
134,US-ID,US,United States,Idaho,US-ID,2020-07-13,,,13.77,,,,,,,,,,,,,,,,,,,,,16.97,115.0
135,US-ID,US,United States,Idaho,US-ID,2020-07-20,,,19.13,,,,,,,,,,,,,,,,,,,,,15.1,140.0
136,US-ID,US,United States,Idaho,US-ID,2020-07-27,,,18.91,,,,,,,,,,,,,,,,,,,,,18.51,133.0
137,US-ID,US,United States,Idaho,US-ID,2020-08-03,,,21.68,,,,,,,,,,,,,,,,,,,,,16.46,132.0
138,US-ID,US,United States,Idaho,US-ID,2020-08-10,,,14.0,,,,,,,,,,,,,,,,,,,,,9.4,115.0
139,US-ID,US,United States,Idaho,US-ID,2020-08-17,,,14.84,,,,,,,,,,,,,,,,,,,,,12.34,143.0
140,US-ID,US,United States,Idaho,US-ID,2020-08-24,,,14.79,,,,,,,,,,,,,,,,,,,,,14.23,119.0
141,US-ID,US,United States,Idaho,US-ID,2020-08-31,,,19.18,,,,,,,,,,,,,,,,,,,,,15.42,101.0
142,US-ID,US,United States,Idaho,US-ID,2020-09-07,,,18.24,,,,,,,,,,,,,,,,,,,,,13.27,130.0
143,US-ID,US,United States,Idaho,US-ID,2020-09-14,,,13.7,,,,,,,,,,,,,,,,,,,,,16.01,115.0
144,US-ID,US,United States,Idaho,US-ID,2020-09-21,,,15.97,,,,,,,,,,,,,,,,,,,,,19.24,100.0
145,US-ME,US,United States,Maine,US-ME,2020-03-09,16.52,12.78,24.01,,16.84,,23.85,,,24.16,,15.59,41.62,13.87,,13.56,,18.71,,26.34,29.62,17.61,20.58,75.14,0.0
146,US-ME,US,United States,Maine,US-ME,2020-03-16,17.08,15.25,25.47,,23.03,,26.08,,,23.64,,19.37,36.91,16.32,,12.05,,12.66,,34.47,26.69,11.59,13.73,61.77,0.0
147,US-ME,US,United States,Maine,US-ME,2020-03-23,13.01,14.03,18.27,,18.41,,35.22,,,20.9,,45.16,27.18,14.03,,13.59,,17.1,,29.81,31.42,12.57,18.7,35.51,0.0
148,US-ME,US,United States,Maine,US-ME,2020-03-30,17.17,11.92,12.49,,24.27,,23.98,,,15.47,,20.86,18.73,17.6,,18.73,,14.19,,30.79,21.43,16.18,14.05,27.96,86.0
149,US-ME,US,United States,Maine,US-ME,2020-04-06,18.59,13.76,13.17,,18.0,,21.51,,,13.03,,21.51,19.76,19.76,,17.71,,18.0,,25.17,24.0,12.44,15.07,19.61,34.0
150,US-ME,US,United States,Maine,US-ME,2020-04-13,12.38,19.78,13.81,,17.36,,16.94,,,16.94,,20.78,12.24,22.91,,16.94,,15.23,,21.63,13.52,17.51,15.66,16.08,16.0
151,US-ME,US,United States,Maine,US-ME,2020-04-20,17.49,18.08,9.99,,16.9,,20.29,,,18.23,,19.84,17.05,19.99,,14.11,,18.82,,20.29,16.32,17.05,10.88,11.76,23.0
152,US-ME,US,United States,Maine,US-ME,2020-04-27,15.07,16.65,8.18,,14.5,,16.51,,,18.23,,19.67,13.49,17.08,,16.51,,16.8,,14.21,17.66,15.36,15.36,10.34,24.0
153,US-ME,US,United States,Maine,US-ME,2020-05-04,16.73,17.89,13.85,,14.57,,23.08,,,19.33,,22.22,15.15,16.45,,12.55,,19.04,,17.89,17.31,18.75,14.28,10.1,16.0
154,US-ME,US,United States,Maine,US-ME,2020-05-11,16.9,17.78,12.05,,16.46,,12.05,,,18.22,,14.26,8.82,12.49,,14.26,,19.4,,17.34,15.43,14.99,8.96,6.91,17.0
155,US-ME,US,United States,Maine,US-ME,2020-05-18,27.38,15.82,6.84,,12.47,,12.62,,,20.53,,13.54,8.82,20.68,,15.21,,17.95,,14.6,15.21,12.62,14.3,6.24,36.0
156,US-ME,US,United States,Maine,US-ME,2020-05-25,30.44,14.24,11.4,,9.75,,9.75,,,20.69,,17.84,6.6,15.59,,11.1,,18.44,,13.95,13.2,17.54,14.99,,31.0
157,US-ME,US,United States,Maine,US-ME,2020-06-01,17.64,15.12,9.93,,12.45,,10.08,,,20.31,,13.64,12.75,16.46,,11.42,,17.64,,12.9,12.75,15.72,13.94,6.38,15.0
158,US-ME,US,United States,Maine,US-ME,2020-06-08,15.51,13.55,9.49,,11.45,,15.36,,,26.05,,13.1,10.84,21.38,,9.79,,17.77,,12.8,14.31,15.66,27.41,,16.0
159,US-ME,US,United States,Maine,US-ME,2020-06-15,21.37,14.3,9.38,,9.23,,13.22,,,25.52,,13.99,14.61,17.53,,10.61,,21.83,,13.22,13.84,17.84,26.6,6.46,22.0
160,US-ME,US,United States,Maine,US-ME,2020-06-22,19.43,6.58,7.32,,14.2,,15.69,,,11.51,,8.37,12.85,23.76,,14.95,,19.88,,15.54,13.75,19.28,24.21,,10.0
161,US-ME,US,United States,Maine,US-ME,2020-06-29,16.91,17.2,12.79,,18.52,,11.03,,,26.76,,13.53,10.0,17.94,,13.53,,18.08,,13.82,15.44,19.85,18.38,7.06,13.0
162,US-ME,US,United States,Maine,US-ME,2020-07-06,12.8,19.84,10.21,,15.1,,14.23,,,22.43,,13.66,17.97,16.54,,15.53,,18.12,,16.68,11.21,17.68,17.97,6.9,12.0
163,US-ME,US,United States,Maine,US-ME,2020-07-13,14.17,16.05,13.45,,15.76,,10.85,,,27.19,,15.04,12.15,18.95,,14.03,,19.23,,15.04,13.45,19.23,18.37,7.09,4.0
164,US-ME,US,United States,Maine,US-ME,2020-07-20,19.13,20.58,13.62,,13.33,,12.17,,,31.01,,15.65,15.51,20.0,,14.2,,22.03,,16.52,13.33,17.25,17.68,5.94,6.0
165,US-ME,US,United States,Maine,US-ME,2020-07-27,12.0,23.29,16.15,,15.72,,12.43,,,31.43,,12.57,13.86,23.57,,15.43,,12.43,,15.57,13.43,15.29,15.86,8.29,7.0
166,US-ME,US,United States,Maine,US-ME,2020-08-03,14.14,9.86,11.57,,13.0,,9.29,,,30.57,,13.14,14.0,21.14,,12.43,,20.0,,15.0,9.86,18.0,17.57,,5.0
167,US-ME,US,United States,Maine,US-ME,2020-08-10,15.1,19.09,7.55,,14.39,,16.67,,,31.63,,16.1,13.53,20.66,,10.54,,22.08,,15.53,14.25,14.96,11.11,8.26,7.0
168,US-ME,US,United States,Maine,US-ME,2020-08-17,13.71,19.85,13.14,,11.99,,12.85,,,24.99,,13.14,16.99,19.7,,10.71,,19.42,,15.42,12.57,16.56,12.99,7.14,8.0
169,US-ME,US,United States,Maine,US-ME,2020-08-24,15.16,22.17,9.26,,15.16,,14.6,,,27.09,,15.44,15.86,16.0,,13.47,,20.21,,14.74,13.19,17.68,14.31,,12.0
170,US-ME,US,United States,Maine,US-ME,2020-08-31,13.62,20.0,8.79,,12.91,,14.61,,,23.69,,14.18,12.91,17.3,,15.74,,15.32,,12.77,14.47,18.86,19.71,8.51,4.0
171,US-ME,US,United States,Maine,US-ME,2020-09-07,11.72,20.93,7.95,,15.9,,19.25,,,28.32,,20.93,12.97,18.14,,16.74,,20.23,,12.84,19.39,18.42,21.9,,7.0
172,US-ME,US,United States,Maine,US-ME,2020-09-14,11.93,24.98,9.16,,14.57,,19.84,,,18.59,,33.44,19.7,16.37,,18.04,,21.65,,16.51,18.18,21.79,18.73,6.11,8.0
173,US-ME,US,United States,Maine,US-ME,2020-09-21,12.77,20.27,11.66,,16.8,,16.66,,,30.68,,27.91,12.08,22.63,,19.72,,19.16,,13.75,22.08,19.99,17.36,7.91,6.0
174,US-MT,US,United States,Montana,US-MT,2020-03-09,9.77,8.68,13.99,7.6,8.32,8.8,12.9,11.58,11.46,12.06,12.06,10.25,20.62,,11.82,8.08,13.51,9.89,12.18,11.82,14.59,7.12,8.56,32.2,0.0
175,US-MT,US,United States,Montana,US-MT,2020-03-16,8.99,6.74,13.23,6.12,11.11,7.87,13.61,7.62,11.23,8.49,10.74,10.11,20.47,,10.11,6.24,12.98,,9.74,18.85,17.1,9.86,,35.33,0.0
176,US-MT,US,United States,Montana,US-MT,2020-03-23,5.8,,8.71,9.06,12.19,5.57,16.83,9.29,8.36,8.82,14.51,26.59,12.77,8.47,9.75,5.11,15.21,6.62,12.07,15.67,13.7,6.38,6.85,22.17,8.0
177,US-MT,US,United States,Montana,US-MT,2020-03-30,8.92,6.89,5.87,12.53,11.52,7.45,12.2,8.24,10.16,8.13,11.29,10.95,9.71,9.15,8.13,8.58,14.45,7.34,8.7,12.08,11.29,,8.13,18.97,16.0
178,US-MT,US,United States,Montana,US-MT,2020-04-06,4.77,7.21,5.82,8.96,9.3,8.03,9.65,10.58,9.89,8.49,10.82,9.89,11.52,9.77,6.16,7.21,10.82,7.33,10.47,7.79,7.68,7.91,6.75,12.79,23.0
179,US-MT,US,United States,Montana,US-MT,2020-04-13,6.43,5.08,5.64,10.49,6.54,7.22,8.46,13.09,13.54,10.94,9.36,13.2,8.91,8.35,12.86,10.38,14.89,10.6,13.54,6.77,11.84,5.98,7.9,9.93,8.0
180,US-MT,US,United States,Montana,US-MT,2020-04-20,6.78,8.76,,8.99,8.88,9.93,7.59,7.13,11.33,8.53,5.61,9.93,8.29,,10.16,7.59,10.98,8.88,13.9,8.06,8.99,9.46,9.7,8.29,6.0
181,US-MT,US,United States,Montana,US-MT,2020-04-27,12.0,8.55,5.11,12.47,10.34,12.24,8.55,12.47,12.83,7.37,11.05,8.67,6.54,8.32,11.05,7.01,7.72,10.46,10.1,6.77,,9.03,5.94,5.11,0.0
182,US-MT,US,United States,Montana,US-MT,2020-05-04,8.27,,5.88,11.75,8.51,11.39,7.67,12.23,12.23,12.95,9.95,8.75,7.55,5.16,10.55,6.0,8.51,8.87,11.63,7.07,8.87,6.71,9.11,5.04,1.0
183,US-MT,US,United States,Montana,US-MT,2020-05-11,8.01,5.74,,9.92,6.93,12.07,7.65,10.64,8.97,8.49,9.92,7.17,5.38,7.53,11.48,5.26,7.53,10.04,11.84,,8.01,6.1,12.43,6.1,1.0
184,US-MT,US,United States,Montana,US-MT,2020-05-18,6.0,7.47,,8.82,5.15,10.17,7.35,10.66,9.44,10.91,7.84,7.6,5.64,8.7,9.68,5.76,7.47,10.78,11.27,6.25,5.27,6.5,6.74,,2.0
185,US-MT,US,United States,Montana,US-MT,2020-05-25,8.15,9.43,,5.99,6.5,10.06,6.88,10.06,13.25,12.74,7.26,8.79,5.35,8.66,8.92,6.24,8.41,8.92,11.34,7.64,5.35,6.5,10.06,,2.0
186,US-MT,US,United States,Montana,US-MT,2020-06-01,11.44,5.72,,9.7,7.84,12.56,7.09,10.82,10.2,9.7,8.96,9.08,7.71,7.71,9.2,6.72,9.2,8.09,7.21,,7.59,7.21,8.09,,2.0
187,US-MT,US,United States,Montana,US-MT,2020-06-08,15.05,7.47,8.34,12.94,6.97,11.2,,12.19,12.69,10.7,11.45,12.44,5.72,7.71,8.09,,8.46,8.96,13.06,,7.22,10.08,9.33,,8.0
188,US-MT,US,United States,Montana,US-MT,2020-06-15,13.11,7.62,,8.24,6.49,10.74,6.49,13.48,12.36,9.24,11.48,,5.99,8.24,14.11,5.12,9.74,9.99,10.74,,5.74,8.11,10.24,5.12,12.0
189,US-MT,US,United States,Montana,US-MT,2020-06-22,22.34,8.49,,12.86,10.23,11.73,5.87,11.86,9.61,11.23,12.36,7.36,5.24,8.74,10.36,9.61,7.36,,9.36,7.49,10.11,7.49,9.36,,8.0
190,US-MT,US,United States,Montana,US-MT,2020-06-29,10.52,6.72,5.96,9.12,6.21,12.67,6.72,11.28,10.14,10.01,7.98,7.73,7.6,9.12,9.63,7.86,6.46,8.74,16.22,5.96,9.5,15.46,9.25,5.58,15.0
191,US-MT,US,United States,Montana,US-MT,2020-07-06,9.32,10.77,5.44,10.04,7.86,13.43,7.14,7.02,14.03,12.1,8.83,7.26,7.62,7.62,10.04,5.32,9.44,7.99,7.26,5.69,10.53,11.49,10.04,5.2,16.0
192,US-MT,US,United States,Montana,US-MT,2020-07-13,9.66,7.0,,7.73,8.57,9.9,7.0,7.37,8.81,8.45,7.37,5.43,9.66,5.67,10.14,5.8,9.66,9.42,7.97,9.9,7.73,11.47,8.09,6.16,37.0
193,US-MT,US,United States,Montana,US-MT,2020-07-20,9.34,8.74,6.07,8.74,6.55,11.04,5.82,10.56,12.98,11.04,9.22,8.25,,6.43,11.04,10.07,11.53,7.89,11.04,7.89,5.95,8.13,8.86,,34.0
194,US-MT,US,United States,Montana,US-MT,2020-07-27,6.29,7.5,7.74,7.99,6.41,12.22,5.69,10.65,13.19,12.1,8.83,6.66,7.02,7.5,12.34,7.26,8.11,11.13,9.92,6.9,9.32,7.62,7.02,,34.0
195,US-MT,US,United States,Montana,US-MT,2020-08-03,5.67,7.84,,12.91,7.36,10.98,4.95,9.29,14.36,10.13,9.77,5.31,7.12,10.49,8.69,6.88,7.84,8.32,10.37,6.39,8.81,7.48,6.63,,39.0
196,US-MT,US,United States,Montana,US-MT,2020-08-10,,7.71,,8.08,10.97,12.42,5.54,9.4,15.19,14.95,9.16,6.75,7.11,9.76,9.76,5.91,9.52,10.85,8.32,6.99,7.71,9.76,7.71,,54.0
197,US-MT,US,United States,Montana,US-MT,2020-08-17,5.98,9.39,5.75,10.68,5.04,12.67,,9.62,11.62,11.85,9.74,4.81,5.98,8.45,10.79,7.51,5.63,8.21,10.56,6.1,6.22,8.92,5.75,,53.0
198,US-MT,US,United States,Montana,US-MT,2020-08-24,5.88,5.76,5.53,10.6,8.76,11.64,7.03,11.98,13.37,11.41,7.49,6.11,6.22,7.03,9.56,6.68,11.41,10.02,13.13,4.84,7.26,10.83,10.95,,53.0
199,US-MT,US,United States,Montana,US-MT,2020-08-31,5.94,7.88,8.68,9.36,10.39,10.73,5.02,10.16,12.79,10.85,6.17,11.3,4.79,10.73,9.48,8.11,8.79,8.11,9.13,4.79,9.25,14.61,9.71,6.28,54.0
200,US-MT,US,United States,Montana,US-MT,2020-09-07,7.33,8.35,6.77,11.73,6.2,6.99,11.96,10.26,14.66,12.18,10.49,11.5,7.33,,8.91,6.77,6.99,8.68,12.07,4.96,10.49,7.78,8.91,4.85,39.0
201,US-MT,US,United States,Montana,US-MT,2020-09-14,6.04,7.68,7.9,12.62,6.91,10.31,8.67,10.64,14.92,9.77,6.25,11.74,7.02,9.88,10.86,6.8,8.78,7.46,13.61,4.39,11.52,11.41,10.21,,45.0
202,US-MT,US,United States,Montana,US-MT,2020-09-21,4.92,9.4,8.06,10.74,8.5,9.85,10.85,9.18,12.53,11.41,8.39,12.42,4.92,8.84,11.41,7.94,9.73,12.08,15.11,5.82,14.66,10.4,12.31,,117.0
203,US-ND,US,United States,North Dakota,US-ND,2020-03-09,,,7.56,6.04,4.16,,7.93,5.38,5.29,5.95,6.33,6.42,14.45,6.8,10.01,6.99,11.33,6.42,7.84,3.78,12.19,7.27,5.76,19.17,0.0
204,US-ND,US,United States,North Dakota,US-ND,2020-03-16,,4.38,4.38,4.87,7.39,5.35,9.24,5.45,5.45,6.13,7.3,9.54,12.84,,6.52,4.67,8.37,7.49,4.96,10.9,11.29,6.13,6.62,18.58,3.0
205,US-ND,US,United States,North Dakota,US-ND,2020-03-23,,4.8,5.91,4.15,5.26,4.15,11.17,4.71,,6.0,10.34,18.37,10.52,4.89,5.91,4.89,9.97,6.74,7.94,11.26,9.79,5.72,4.52,13.76,14.0
206,US-ND,US,United States,North Dakota,US-ND,2020-03-30,4.49,,3.7,7.13,7.66,4.93,9.86,6.25,,3.96,4.84,11.18,7.48,3.87,6.25,6.25,8.98,4.4,6.69,9.6,7.92,5.37,5.9,11.09,14.0
207,US-ND,US,United States,North Dakota,US-ND,2020-04-06,4.98,3.98,,6.61,6.43,5.34,7.42,6.61,6.25,,5.25,9.6,,4.71,7.24,4.17,,3.71,6.7,6.25,8.06,6.43,7.7,6.25,8.0
208,US-ND,US,United States,North Dakota,US-ND,2020-04-13,6.58,3.91,,5.78,6.14,6.22,6.31,8.71,5.87,5.96,8.54,10.14,,5.07,4.36,4.8,11.92,4.62,7.03,6.31,5.25,5.6,4.36,8.0,12.0
209,US-ND,US,United States,North Dakota,US-ND,2020-04-20,5.4,,3.94,7.05,4.58,5.04,8.42,4.94,9.8,,7.32,7.6,,5.4,4.58,4.49,5.31,5.22,8.97,7.23,6.87,5.95,6.32,5.49,20.0
210,US-ND,US,United States,North Dakota,US-ND,2020-04-27,6.38,4.5,,7.5,5.62,4.59,4.69,5.16,7.31,5.81,6.84,7.12,,9.0,6.0,6.56,9.75,6.94,7.31,,4.78,7.22,5.62,5.53,19.0
211,US-ND,US,United States,North Dakota,US-ND,2020-05-04,6.92,,,7.19,4.52,5.44,4.43,6.09,4.98,,6.82,9.59,,5.07,5.72,4.89,7.28,5.44,7.56,5.81,5.07,4.33,4.52,,20.0
212,US-ND,US,United States,North Dakota,US-ND,2020-05-11,7.06,,,8.4,6.77,6.01,5.34,5.53,9.64,4.29,5.34,6.58,6.39,4.1,5.06,6.77,4.87,6.68,5.44,5.82,4.77,5.82,4.96,5.15,20.0
213,US-ND,US,United States,North Dakota,US-ND,2020-05-18,4.99,4.89,,4.48,4.69,8.36,4.48,6.72,,5.81,6.83,4.28,4.89,5.3,4.28,,6.83,6.11,6.22,5.2,6.32,,,,22.0
214,US-ND,US,United States,North Dakota,US-ND,2020-05-25,,4.2,,,6.2,4.62,6.62,6.41,7.14,4.62,4.83,,,,,,9.04,6.2,6.09,,5.78,4.73,4.2,,15.0
215,US-ND,US,United States,North Dakota,US-ND,2020-06-01,5.87,5.56,,,4.84,6.49,5.66,4.22,4.84,,5.46,,,4.33,6.69,5.25,5.77,6.49,5.05,5.05,4.43,,7.62,,16.0
216,US-ND,US,United States,North Dakota,US-ND,2020-06-08,9.38,5.1,,6.93,4.08,7.24,6.02,7.95,6.22,5.81,4.79,4.28,5.3,5.2,8.56,,,4.79,6.53,7.75,6.93,5.0,7.65,,14.0
217,US-ND,US,United States,North Dakota,US-ND,2020-06-15,9.38,5.21,,6.25,4.58,8.65,6.98,7.19,8.54,5.21,6.56,,4.48,6.77,6.25,5.21,5.31,4.69,10.1,5.62,5.73,4.38,4.27,,19.0
218,US-ND,US,United States,North Dakota,US-ND,2020-06-22,6.39,4.72,,,7.44,7.76,,5.87,4.19,,6.92,5.76,4.3,5.14,5.34,4.72,4.93,4.61,5.24,,6.29,7.02,7.23,,10.0
219,US-ND,US,United States,North Dakota,US-ND,2020-06-29,8.07,,,,,6.97,,4.54,7.63,,,,,4.54,7.08,,7.41,,8.96,,,6.08,6.19,,16.0
220,US-ND,US,United States,North Dakota,US-ND,2020-07-06,5.53,4.17,,,,8.24,,7.2,5.74,4.91,5.22,,4.7,6.89,6.26,4.49,4.49,6.26,5.32,7.62,5.53,6.99,4.8,,29.0
221,US-ND,US,United States,North Dakota,US-ND,2020-07-13,4.54,5.37,4.13,5.57,4.64,6.09,,7.53,7.33,4.13,4.64,5.99,5.68,4.85,6.19,4.75,4.23,5.37,5.68,4.75,5.06,5.68,5.37,,31.0
222,US-ND,US,United States,North Dakota,US-ND,2020-07-20,,,,5.71,6.02,6.13,5.09,5.82,6.75,5.82,4.98,5.82,5.09,4.98,5.5,6.02,,5.71,5.5,,,5.5,6.23,,31.0
223,US-ND,US,United States,North Dakota,US-ND,2020-07-27,8.72,5.78,,7.15,,6.62,4.62,5.78,8.09,8.3,5.78,,5.25,5.25,6.41,5.36,4.41,5.46,6.51,4.83,5.04,8.41,4.83,,38.0
224,US-ND,US,United States,North Dakota,US-ND,2020-08-03,7.24,5.59,,7.35,5.38,6.31,6.93,6.83,8.48,5.9,7.04,4.24,,,9.31,,4.45,6.31,7.04,4.66,4.66,4.66,5.59,,44.0
225,US-ND,US,United States,North Dakota,US-ND,2020-08-10,10.5,,,6.59,5.36,6.9,6.08,9.06,7.31,8.55,8.65,5.15,5.46,4.94,7.11,,5.46,6.38,,5.15,5.25,6.69,5.46,,44.0
226,US-ND,US,United States,North Dakota,US-ND,2020-08-17,7.04,4.53,,6.74,5.53,8.86,4.03,4.83,6.34,5.63,7.25,,5.23,4.13,6.64,4.33,,5.74,5.74,5.03,4.63,5.13,4.53,,42.0
227,US-ND,US,United States,North Dakota,US-ND,2020-08-24,,,,4.36,,6.16,4.93,4.93,7.02,7.58,,4.55,4.74,6.07,6.26,5.21,5.59,5.97,9.39,5.21,6.54,7.11,4.46,,53.0
228,US-ND,US,United States,North Dakota,US-ND,2020-08-31,6.72,5.39,,5.39,,8.7,7.28,6.43,6.15,5.2,,8.8,,6.24,7.85,6.34,,5.49,7.38,4.16,7.38,6.81,6.15,,44.0
229,US-ND,US,United States,North Dakota,US-ND,2020-09-07,4.16,5.18,,6.47,7.03,9.16,6.94,6.11,7.4,7.68,5.74,10.45,7.86,4.35,9.25,5.46,7.4,10.73,6.84,4.44,7.12,5.64,6.01,4.35,45.0
230,US-ND,US,United States,North Dakota,US-ND,2020-09-14,5.24,,,6.68,4.52,8.76,8.94,6.68,7.04,7.95,,8.94,4.06,6.5,7.86,5.69,7.59,5.51,7.04,4.52,11.92,6.95,10.66,5.78,80.0
231,US-ND,US,United States,North Dakota,US-ND,2020-09-21,3.88,5.6,4.07,7.41,7.59,10.12,6.6,12.47,9.4,5.96,7.14,8.77,4.88,,3.79,,5.15,6.42,6.51,6.42,11.21,7.05,7.95,6.05,92.0
232,US-NE,US,United States,Nebraska,US-NE,2020-03-09,,,86.85,,,,,,,,,,,,,,,,,,,,,,0.0
233,US-NE,US,United States,Nebraska,US-NE,2020-03-16,,,68.29,,,,,,,,,,,,,,,,,,,,,,0.0
234,US-NE,US,United States,Nebraska,US-NE,2020-03-23,,,40.36,,,,,,,,,,,,,,,,,,,,,,0.0
235,US-NE,US,United States,Nebraska,US-NE,2020-03-30,,,47.43,,,,,,,,,,,,,,,,,,,,,,0.0
236,US-NE,US,United States,Nebraska,US-NE,2020-04-06,,,29.94,,,,,,,,,,,,,,,,,,,,,,0.0
237,US-NE,US,United States,Nebraska,US-NE,2020-04-13,,,29.16,,,,,,,,,,,,,,,,,,,,,,0.0
238,US-NE,US,United States,Nebraska,US-NE,2020-04-20,,,33.62,,,,,,,,,,,,,,,,,,,,,,0.0
239,US-NE,US,United States,Nebraska,US-NE,2020-04-27,,,33.43,,,,,,,,,,,,,,,,,,,,,,0.0
240,US-NE,US,United States,Nebraska,US-NE,2020-05-04,,,36.5,,,,,,,,,,,,,,,,,,,,,,0.0
241,US-NE,US,United States,Nebraska,US-NE,2020-05-11,,,24.28,,,,,,,,,,,,,,,,,,,,,,0.0
242,US-NE,US,United States,Nebraska,US-NE,2020-05-18,,,32.63,,,,,,,,,,,,,,,,,,,,,,0.0
243,US-NE,US,United States,Nebraska,US-NE,2020-05-25,,,27.43,,,,,,,,,,,,,,,,,,,,,,0.0
244,US-NE,US,United States,Nebraska,US-NE,2020-06-01,,,40.49,,,,,,,,,,,,,,,,,,,,,,928.0
245,US-NE,US,United States,Nebraska,US-NE,2020-06-08,,,35.03,,,,,,,,,,,,,,,,,,,,,,142.0
246,US-NE,US,United States,Nebraska,US-NE,2020-06-15,,,33.36,,,,,,,,,,,,,,,,,,,,,,142.0
247,US-NE,US,United States,Nebraska,US-NE,2020-06-22,,,35.72,,,,,,,,,,,,,,,,,,,,,,103.0
248,US-NE,US,United States,Nebraska,US-NE,2020-06-29,,,37.95,,,,,,,,,,,,,,,,,,,,,,53.0
249,US-NE,US,United States,Nebraska,US-NE,2020-07-06,,,38.13,,,,,,,,,,,,,,,,,,,,,,53.0
250,US-NE,US,United States,Nebraska,US-NE,2020-07-13,,,43.16,,,,,,,,,,,,,,,,,,,,,,60.0
251,US-NE,US,United States,Nebraska,US-NE,2020-07-20,,,39.27,,,,,,,,,,,,,,,,,,,,,,86.0
252,US-NE,US,United States,Nebraska,US-NE,2020-07-27,,,46.36,,,,,,,,,,,,,,,,,,,,,,62.0
253,US-NE,US,United States,Nebraska,US-NE,2020-08-03,,,40.07,,,,,,,,,,,,,,,,,,,,,,86.0
254,US-NE,US,United States,Nebraska,US-NE,2020-08-10,,,35.84,,,,,,,,,,,,,,,,,,,,,,168.0
255,US-NE,US,United States,Nebraska,US-NE,2020-08-17,,,30.66,,,,,,,,,,,,,,,,,,,,,,24.0
256,US-NE,US,United States,Nebraska,US-NE,2020-08-24,,,39.98,,,,,,,,,,,,,,,,,,,,,,85.0
257,US-NE,US,United States,Nebraska,US-NE,2020-08-31,,,41.52,,,,,,,,,,,,,,,,,,,,,,73.0
258,US-NE,US,United States,Nebraska,US-NE,2020-09-07,,,33.18,,,,,,,,,,,,,,,,,,,,,,72.0
259,US-NE,US,United States,Nebraska,US-NE,2020-09-14,,,42.21,,,,,,,,,,,,,,,,,,,,,,57.0
260,US-NE,US,United States,Nebraska,US-NE,2020-09-21,,,43.88,,,,,,,,,,,,,,,,,,,,,,85.0
261,US-NH,US,United States,New Hampshire,US-NH,2020-03-09,,14.52,26.71,,13.01,,24.24,,,25.88,,20.0,40.54,15.06,,15.34,,15.34,,25.47,,17.26,18.9,65.33,0.0
262,US-NH,US,United States,New Hampshire,US-NH,2020-03-16,,17.2,13.65,,19.17,,26.39,,,19.82,,9.19,30.98,11.81,,10.9,,14.96,,40.96,,11.42,12.47,59.07,0.0
263,US-NH,US,United States,New Hampshire,US-NH,2020-03-23,,17.58,11.76,,22.16,,24.64,,,20.68,,41.1,22.66,19.44,,12.01,,13.74,,34.67,,14.11,18.82,36.03,33.0
264,US-NH,US,United States,New Hampshire,US-NH,2020-03-30,,11.94,11.58,,21.2,,22.18,,,15.84,,21.08,17.67,17.55,,14.99,,13.77,,30.22,,13.89,9.99,25.83,53.0
265,US-NH,US,United States,New Hampshire,US-NH,2020-04-06,,17.4,,,20.24,,22.22,,,18.27,,16.05,14.07,20.49,,17.16,,17.9,,21.85,,11.85,16.42,19.13,60.0
266,US-NH,US,United States,New Hampshire,US-NH,2020-04-13,,16.07,8.94,,20.18,,16.8,,,15.23,,20.3,13.42,17.65,,14.75,,16.07,,19.46,,13.9,17.65,11.6,46.0
267,US-NH,US,United States,New Hampshire,US-NH,2020-04-20,,20.42,9.72,,16.17,,14.46,,,20.42,,18.48,12.15,17.5,,14.34,,19.08,,19.33,,13.61,14.22,14.22,46.0
268,US-NH,US,United States,New Hampshire,US-NH,2020-04-27,,17.37,6.37,,16.74,,15.99,,,11.87,,23.24,10.5,17.74,,14.37,,20.24,,15.74,,14.37,15.99,15.99,39.0
269,US-NH,US,United States,New Hampshire,US-NH,2020-05-04,,17.95,10.45,,14.02,,12.05,,,20.16,,20.9,10.94,17.83,,14.02,,19.67,,16.84,,16.23,14.26,9.22,36.0
270,US-NH,US,United States,New Hampshire,US-NH,2020-05-11,,12.88,9.63,,15.88,,11.25,,,21.13,,10.88,9.88,14.0,,13.25,,16.25,,13.38,,8.13,17.63,8.88,34.0
271,US-NH,US,United States,New Hampshire,US-NH,2020-05-18,,15.4,,,12.16,,15.14,,,15.01,,11.26,11.26,19.92,,14.1,,19.28,,19.66,,15.78,19.54,6.34,72.0
272,US-NH,US,United States,New Hampshire,US-NH,2020-05-25,,15.3,10.16,,10.03,,11.96,,,17.61,,12.09,8.74,12.98,,9.13,,17.36,,9.77,,13.5,15.04,,30.0
273,US-NH,US,United States,New Hampshire,US-NH,2020-06-01,,16.57,7.96,,10.79,,9.51,,,17.6,,12.72,12.33,17.73,,10.66,,18.88,,10.4,,14.0,17.34,5.52,38.0
274,US-NH,US,United States,New Hampshire,US-NH,2020-06-08,,16.02,9.06,,8.93,,9.72,,,25.87,,15.23,10.51,15.89,,11.69,,16.68,,13.27,,16.02,16.15,,26.0
275,US-NH,US,United States,New Hampshire,US-NH,2020-06-15,,13.08,11.86,,12.54,,14.29,,,22.51,,14.42,8.09,17.52,,11.86,,17.93,,11.59,,15.5,14.56,6.07,38.0
276,US-NH,US,United States,New Hampshire,US-NH,2020-06-22,,18.9,7.93,,16.39,,13.62,,,18.77,,9.12,,21.81,,12.43,,24.72,,14.67,,13.88,14.94,,11.0
277,US-NH,US,United States,New Hampshire,US-NH,2020-06-29,,14.08,8.98,,12.87,,8.98,,,20.65,,11.53,11.0,20.52,,9.79,,18.91,,11.94,,16.5,16.63,6.84,7.0
278,US-NH,US,United States,New Hampshire,US-NH,2020-07-06,,16.58,10.57,,15.01,,13.97,,,19.19,,14.88,11.75,19.19,,9.27,,19.19,,13.32,,20.89,13.71,,20.0
279,US-NH,US,United States,New Hampshire,US-NH,2020-07-13,,19.18,7.27,,9.52,,13.22,,,24.33,,14.15,11.64,16.79,,14.41,,20.36,,19.7,,17.72,14.81,7.01,84.0
280,US-NH,US,United States,New Hampshire,US-NH,2020-07-20,,14.35,12.09,,13.15,,11.83,,,28.04,,14.88,13.29,26.31,,10.1,,19.8,,14.09,,19.53,18.87,7.17,15.0
281,US-NH,US,United States,New Hampshire,US-NH,2020-07-27,,16.41,12.84,,13.37,,12.04,,,29.25,,10.85,15.35,19.19,,18.0,,15.62,,14.56,,15.09,18.26,5.29,7.0
282,US-NH,US,United States,New Hampshire,US-NH,2020-08-03,,17.94,7.44,,11.69,,9.7,,,28.83,,12.89,11.56,16.74,,11.43,,19.8,,16.08,,17.94,18.2,5.32,6.0
283,US-NH,US,United States,New Hampshire,US-NH,2020-08-10,,16.13,10.84,,14.55,,11.37,,,28.43,,9.52,15.61,21.42,,12.03,,18.78,,13.36,,18.78,17.59,,7.0
284,US-NH,US,United States,New Hampshire,US-NH,2020-08-17,,20.66,10.46,,13.24,,11.26,,,26.36,,8.87,15.1,15.23,,13.11,,19.87,,15.36,,19.34,18.81,,3.0
285,US-NH,US,United States,New Hampshire,US-NH,2020-08-24,,16.74,9.86,,14.79,,14.14,,,29.58,,8.56,12.58,19.46,,11.16,,17.77,,14.14,,17.9,18.29,5.19,3.0
286,US-NH,US,United States,New Hampshire,US-NH,2020-08-31,,15.93,15.41,,15.67,,12.54,,,21.8,,18.8,13.06,20.89,,12.93,,15.67,,14.62,,18.28,16.58,8.1,4.0
287,US-NH,US,United States,New Hampshire,US-NH,2020-09-07,,16.35,10.14,,16.35,,12.42,,,23.2,,19.39,13.31,21.55,,14.2,,19.01,,13.18,,19.77,23.58,8.11,3.0
288,US-NH,US,United States,New Hampshire,US-NH,2020-09-14,,19.53,9.45,,8.82,,18.65,,,23.94,,31.88,13.86,19.03,,12.35,,17.77,,17.51,,19.03,21.55,6.43,4.0
289,US-NH,US,United States,New Hampshire,US-NH,2020-09-21,,15.22,13.46,,15.85,,16.98,,,27.43,,22.27,16.86,18.87,,17.36,,23.4,,12.33,,17.49,22.39,11.2,11.0
290,US-NM,US,United States,New Mexico,US-NM,2020-03-09,,,48.52,,,,,,,,,,,,,,,,,,,,,100.0,0.0
291,US-NM,US,United States,New Mexico,US-NM,2020-03-16,,,39.8,,,,,,,,,,,,,,,,,,,,,97.97,0.0
292,US-NM,US,United States,New Mexico,US-NM,2020-03-23,,,32.67,,,,,,,,,,,,,,,,,,,,,70.4,0.0
293,US-NM,US,United States,New Mexico,US-NM,2020-03-30,,,27.73,,,,,,,,,,,,,,,,,,,,,49.42,0.0
294,US-NM,US,United States,New Mexico,US-NM,2020-04-06,,,24.65,,,,,,,,,,,,,,,,,,,,,36.87,0.0
295,US-NM,US,United States,New Mexico,US-NM,2020-04-13,,,23.21,,,,,,,,,,,,,,,,,,,,,24.8,258.0
296,US-NM,US,United States,New Mexico,US-NM,2020-04-20,,,18.09,,,,,,,,,,,,,,,,,,,,,18.69,154.0
297,US-NM,US,United States,New Mexico,US-NM,2020-04-27,,,22.26,,,,,,,,,,,,,,,,,,,,,15.72,175.0
298,US-NM,US,United States,New Mexico,US-NM,2020-05-04,,,22.98,,,,,,,,,,,,,,,,,,,,,18.01,202.0
299,US-NM,US,United States,New Mexico,US-NM,2020-05-11,,,15.51,,,,,,,,,,,,,,,,,,,,,13.86,97.0
300,US-NM,US,United States,New Mexico,US-NM,2020-05-18,,,17.68,,,,,,,,,,,,,,,,,,,,,14.88,253.0
301,US-NM,US,United States,New Mexico,US-NM,2020-05-25,,,21.68,,,,,,,,,,,,,,,,,,,,,15.98,178.0
302,US-NM,US,United States,New Mexico,US-NM,2020-06-01,,,18.67,,,,,,,,,,,,,,,,,,,,,9.98,172.0
303,US-NM,US,United States,New Mexico,US-NM,2020-06-08,,,26.05,,,,,,,,,,,,,,,,,,,,,19.49,136.0
304,US-NM,US,United States,New Mexico,US-NM,2020-06-15,,,22.08,,,,,,,,,,,,,,,,,,,,,13.47,121.0
305,US-NM,US,United States,New Mexico,US-NM,2020-06-22,,,14.53,,,,,,,,,,,,,,,,,,,,,11.45,105.0
306,US-NM,US,United States,New Mexico,US-NM,2020-06-29,,,14.86,,,,,,,,,,,,,,,,,,,,,17.34,137.0
307,US-NM,US,United States,New Mexico,US-NM,2020-07-06,,,24.32,,,,,,,,,,,,,,,,,,,,,24.1,199.0
308,US-NM,US,United States,New Mexico,US-NM,2020-07-13,,,16.92,,,,,,,,,,,,,,,,,,,,,18.66,177.0
309,US-NM,US,United States,New Mexico,US-NM,2020-07-20,,,21.27,,,,,,,,,,,,,,,,,,,,,19.52,178.0
310,US-NM,US,United States,New Mexico,US-NM,2020-07-27,,,21.71,,,,,,,,,,,,,,,,,,,,,13.38,161.0
311,US-NM,US,United States,New Mexico,US-NM,2020-08-03,,,19.22,,,,,,,,,,,,,,,,,,,,,14.04,135.0
312,US-NM,US,United States,New Mexico,US-NM,2020-08-10,,,15.3,,,,,,,,,,,,,,,,,,,,,10.06,119.0
313,US-NM,US,United States,New Mexico,US-NM,2020-08-17,,,18.28,,,,,,,,,,,,,,,,,,,,,15.23,73.0
314,US-NM,US,United States,New Mexico,US-NM,2020-08-24,,,18.93,,,,,,,,,,,,,,,,,,,,,9.67,86.0
315,US-NM,US,United States,New Mexico,US-NM,2020-08-31,,,23.36,,,,,,,,,,,,,,,,,,,,,11.06,55.0
316,US-NM,US,United States,New Mexico,US-NM,2020-09-07,,,18.39,,,,,,,,,,,,,,,,,,,,,16.74,92.0
317,US-NM,US,United States,New Mexico,US-NM,2020-09-14,,,20.36,,,,,,,,,,,,,,,,,,,,,8.96,72.0
318,US-NM,US,United States,New Mexico,US-NM,2020-09-21,,,17.27,,,,,,,,,,,,,,,,,,,,,16.45,100.0
319,US-RI,US,United States,Rhode Island,US-RI,2020-03-02,8.12,13.94,15.69,17.23,8.89,17.01,14.81,14.04,16.9,12.84,18.98,21.07,24.91,10.86,16.9,10.53,16.35,11.85,19.64,10.75,19.09,11.19,14.26,29.19,0.0
320,US-RI,US,United States,Rhode Island,US-RI,2020-03-09,12.54,8.88,14.76,11.88,12.21,13.21,12.65,12.98,15.09,15.98,16.65,9.65,24.3,11.21,15.09,11.88,16.31,11.43,15.54,18.09,15.87,11.1,11.21,36.62,0.0
321,US-RI,US,United States,Rhode Island,US-RI,2020-03-16,12.36,10.7,12.03,9.38,13.02,11.14,20.63,12.03,14.56,9.71,14.56,11.47,20.3,7.83,13.24,7.61,18.54,12.14,15.34,30.89,21.07,6.29,9.6,30.23,0.0
322,US-RI,US,United States,Rhode Island,US-RI,2020-03-23,9.81,10.41,10.92,13.24,16.78,12.03,19.21,12.54,14.36,6.87,20.62,21.43,15.16,14.36,12.33,7.08,17.99,10.41,15.06,19.91,21.63,9.81,15.16,16.38,0.0
323,US-RI,US,United States,Rhode Island,US-RI,2020-03-30,12.13,12.43,9.42,17.64,17.84,8.32,13.43,15.94,14.73,7.72,16.04,13.73,11.22,9.32,13.93,9.22,17.24,10.12,16.44,20.75,16.44,7.72,10.42,17.54,0.0
324,US-RI,US,United States,Rhode Island,US-RI,2020-04-06,12.1,12.31,8.61,15.07,13.13,12.51,13.95,16.1,17.84,9.44,17.54,14.36,8.0,12.2,11.49,7.9,15.07,13.33,16.61,18.87,14.77,10.15,13.23,13.95,0.0
325,US-RI,US,United States,Rhode Island,US-RI,2020-04-13,8.72,10.81,7.44,16.66,14.18,12.0,8.63,13.29,16.36,9.32,12.69,10.61,10.31,20.92,11.1,12.39,29.84,11.3,15.57,15.86,12.0,9.81,12.79,9.02,605.0
326,US-RI,US,United States,Rhode Island,US-RI,2020-04-20,13.3,10.73,7.58,17.83,12.31,13.59,9.55,15.76,18.91,8.67,10.54,13.89,11.52,15.17,14.18,9.06,16.15,14.48,19.3,11.23,10.93,10.64,11.13,11.23,86.0
327,US-RI,US,United States,Rhode Island,US-RI,2020-04-27,7.44,15.49,5.13,14.99,13.18,13.48,11.06,15.59,18.51,9.55,11.57,16.39,6.84,14.28,8.85,10.66,12.17,11.16,17.5,12.77,13.58,13.58,11.06,6.13,322.0
328,US-RI,US,United States,Rhode Island,US-RI,2020-05-04,16.51,10.94,6.79,13.67,10.94,12.25,9.62,15.7,17.11,7.19,15.39,9.72,7.49,13.87,10.84,9.93,11.75,11.85,19.04,7.39,8.1,11.54,11.65,4.46,238.0
329,US-RI,US,United States,Rhode Island,US-RI,2020-05-11,21.3,12.47,7.07,14.13,8.62,11.84,10.49,15.27,15.06,10.29,14.96,9.66,7.69,15.59,9.97,10.49,13.2,12.88,16.62,12.16,10.7,8.62,9.14,4.99,167.0
330,US-RI,US,United States,Rhode Island,US-RI,2020-05-18,36.29,11.68,10.2,12.83,13.67,15.99,6.0,11.68,12.31,10.94,21.04,8.52,6.84,9.68,13.46,5.79,13.25,12.73,14.09,11.04,10.1,11.57,10.62,5.15,162.0
331,US-RI,US,United States,Rhode Island,US-RI,2020-05-25,21.45,6.37,5.31,15.07,9.24,14.01,5.1,15.29,17.73,12.42,9.98,8.49,7.11,10.94,10.09,8.07,11.89,12.95,15.93,11.04,7.43,9.55,11.25,,121.0
332,US-RI,US,United States,Rhode Island,US-RI,2020-06-01,15.71,10.75,6.64,10.12,5.8,11.91,6.22,15.29,14.34,8.12,12.86,6.96,7.91,9.59,8.01,9.38,8.01,14.97,16.87,6.22,10.12,10.65,13.81,,74.0
333,US-RI,US,United States,Rhode Island,US-RI,2020-06-08,14.26,10.29,,12.97,10.19,17.69,9.65,14.58,13.83,13.83,12.22,12.87,8.15,9.54,8.9,10.29,12.01,13.4,16.3,9.87,8.69,10.72,12.87,,78.0
334,US-RI,US,United States,Rhode Island,US-RI,2020-06-15,11.15,6.8,9.93,11.38,8.59,12.27,9.03,13.05,17.73,10.48,12.05,11.38,8.59,10.15,10.26,8.03,11.82,12.49,17.51,8.03,10.37,10.04,11.71,4.8,69.0
335,US-RI,US,United States,Rhode Island,US-RI,2020-06-22,10.91,10.14,8.16,13.89,7.61,13.45,8.27,13.01,16.1,15.32,11.36,12.35,10.14,12.13,13.78,7.72,12.35,14.0,10.03,7.83,8.49,11.58,11.13,,62.0
336,US-RI,US,United States,Rhode Island,US-RI,2020-06-29,10.22,11.56,,13.14,8.87,17.74,6.85,15.49,17.96,16.28,11.68,8.87,8.2,13.36,13.25,10.22,12.91,13.25,21.67,9.43,8.98,9.54,7.3,,35.0
337,US-RI,US,United States,Rhode Island,US-RI,2020-07-06,11.07,12.05,10.74,15.45,11.51,12.49,9.31,14.69,14.9,15.56,16.55,11.62,10.3,12.49,12.71,9.43,14.03,14.79,15.56,7.01,10.41,9.64,11.07,,32.0
338,US-RI,US,United States,Rhode Island,US-RI,2020-07-13,12.18,12.4,9.22,15.47,12.29,17.12,8.34,14.71,13.5,13.72,14.16,7.9,7.24,11.52,15.04,8.23,12.73,11.63,17.45,9.0,6.8,11.96,10.87,,37.0
339,US-RI,US,United States,Rhode Island,US-RI,2020-07-20,9.82,12.58,7.5,13.24,8.16,15.78,7.83,9.49,17.1,13.13,12.8,12.13,10.48,13.46,10.7,9.6,9.71,12.58,15.78,10.7,9.93,10.92,7.83,4.52,58.0
340,US-RI,US,United States,Rhode Island,US-RI,2020-07-27,8.76,12.26,8.1,13.57,8.97,16.85,9.19,13.35,12.37,10.94,16.41,11.71,8.1,11.82,12.37,9.96,13.46,14.55,19.48,9.85,10.72,13.46,9.08,4.38,65.0
341,US-RI,US,United States,Rhode Island,US-RI,2020-08-03,11.17,10.29,7.63,9.51,8.07,14.82,9.62,16.37,19.69,16.7,15.15,9.62,5.64,12.39,13.6,6.3,13.27,11.95,18.58,10.4,8.29,12.61,10.51,,100.0
342,US-RI,US,United States,Rhode Island,US-RI,2020-08-10,7.13,11.08,6.69,15.25,9.11,17.66,10.64,15.8,18.65,15.8,14.04,11.41,7.35,15.03,12.29,13.38,14.48,13.93,16.13,11.52,9.11,10.42,12.51,,69.0
343,US-RI,US,United States,Rhode Island,US-RI,2020-08-17,10.72,10.17,5.2,14.04,10.61,19.24,6.75,15.59,20.57,16.25,12.27,11.28,10.95,14.48,14.26,11.72,14.15,15.37,18.13,9.51,10.28,14.71,14.04,4.42,80.0
344,US-RI,US,United States,Rhode Island,US-RI,2020-08-24,7.53,10.43,5.81,13.66,9.25,15.92,10.54,17.86,14.74,14.95,15.38,10.22,8.28,14.09,15.7,8.71,13.88,13.02,20.11,9.14,8.71,10.43,12.59,4.62,59.0
345,US-RI,US,United States,Rhode Island,US-RI,2020-08-31,8.5,14.2,9.03,12.9,9.68,15.7,10.65,13.77,20.32,12.8,10.22,11.4,7.85,9.57,12.69,10.43,12.9,15.16,14.95,9.57,10.11,13.55,10.22,5.05,68.0
346,US-RI,US,United States,Rhode Island,US-RI,2020-09-07,8.38,12.78,8.17,16.75,10.37,13.82,12.15,17.28,22.62,13.4,12.36,13.3,11.2,8.06,20.31,10.26,10.99,14.24,14.55,11.83,11.2,10.79,12.04,6.49,57.0
347,US-RI,US,United States,Rhode Island,US-RI,2020-09-14,10.56,12.87,8.45,13.48,7.54,15.99,11.16,15.39,19.21,13.07,17.2,20.42,9.55,11.77,15.39,9.05,13.48,12.97,23.43,7.84,11.77,12.97,11.46,,49.0
348,US-RI,US,United States,Rhode Island,US-RI,2020-09-21,9.87,10.57,8.96,16.31,8.26,16.72,11.58,13.6,20.54,17.42,11.28,20.34,10.27,12.79,13.29,11.78,18.33,14.6,21.95,10.67,11.38,14.2,16.21,4.73,32.0
349,US-SD,US,United States,South Dakota,US-SD,2020-03-09,5.78,6.02,15.06,5.78,7.23,10.24,10.0,5.06,,7.47,13.37,5.42,19.39,,7.23,,7.23,,9.28,10.36,12.89,7.95,9.28,25.9,0.0
350,US-SD,US,United States,South Dakota,US-SD,2020-03-16,7.24,8.1,7.0,,11.9,7.36,11.54,9.33,7.49,,10.19,10.43,16.2,4.91,9.08,,6.87,8.71,6.26,13.01,17.3,7.49,10.31,24.79,0.0
351,US-SD,US,United States,South Dakota,US-SD,2020-03-23,7.25,4.76,10.09,9.75,12.24,5.21,11.67,6.91,,8.61,13.37,20.74,9.86,,9.41,4.76,10.2,6.01,12.47,13.94,10.99,6.23,6.23,20.17,0.0
352,US-SD,US,United States,South Dakota,US-SD,2020-03-30,7.52,4.94,4.94,8.64,8.42,6.51,10.44,10.55,7.63,,9.99,7.63,8.87,5.16,7.86,5.84,9.32,6.51,9.88,12.8,10.66,7.18,10.78,16.28,22.0
353,US-SD,US,United States,South Dakota,US-SD,2020-04-06,6.8,4.73,,8.3,9.34,6.23,10.03,6.34,,,8.19,10.95,5.42,7.96,6.8,,10.95,5.65,9.8,10.03,10.38,7.96,8.3,8.07,21.0
354,US-SD,US,United States,South Dakota,US-SD,2020-04-13,,4.81,5.37,5.71,11.08,6.05,4.48,4.81,9.29,,10.86,9.74,6.94,7.95,10.08,6.16,18.81,7.39,4.48,6.05,6.49,5.37,7.17,,31.0
355,US-SD,US,United States,South Dakota,US-SD,2020-04-20,9.96,4.75,4.63,8.92,8.34,7.18,5.1,6.6,8.46,6.95,6.72,11.47,5.21,6.37,9.15,,8.8,7.53,15.4,7.64,5.21,6.83,9.38,,61.0
356,US-SD,US,United States,South Dakota,US-SD,2020-04-27,7.69,5.8,,6.98,8.28,8.17,,7.22,6.86,5.56,7.46,10.77,,6.86,9.47,6.04,6.39,6.63,7.34,7.1,8.64,6.39,7.34,,62.0
357,US-SD,US,United States,South Dakota,US-SD,2020-05-04,11.87,,6.34,9.1,6.91,5.53,4.61,7.38,7.72,,8.99,7.95,5.42,,7.03,5.99,,7.72,7.84,5.18,7.03,7.49,8.53,,64.0
358,US-SD,US,United States,South Dakota,US-SD,2020-05-11,7.04,,,6.69,6.81,8.69,5.75,8.57,8.1,,7.63,6.58,5.4,8.69,10.92,5.52,5.17,8.45,10.57,4.93,6.81,7.16,6.69,,51.0
359,US-SD,US,United States,South Dakota,US-SD,2020-05-18,5.4,,,8.16,8.04,6.15,,6.28,8.04,6.91,8.54,5.65,,5.53,8.16,,6.03,8.54,9.42,5.15,6.91,6.66,8.41,,52.0
360,US-SD,US,United States,South Dakota,US-SD,2020-05-25,,6.9,,7.54,,9.96,5.88,9.45,6.77,5.75,8.56,5.62,5.37,6.13,5.88,,7.41,5.88,,5.49,6.9,9.07,9.2,,68.0
361,US-SD,US,United States,South Dakota,US-SD,2020-06-01,12.91,5.19,,5.19,,7.97,,6.08,7.72,6.46,8.48,,7.09,6.58,,6.2,,6.46,7.85,5.7,6.96,6.46,,,46.0
362,US-SD,US,United States,South Dakota,US-SD,2020-06-08,12.34,,,9.69,6.67,9.82,,10.57,7.05,8.56,7.3,6.29,5.04,6.67,7.93,,7.68,,8.18,5.41,,5.54,6.17,5.29,61.0
363,US-SD,US,United States,South Dakota,US-SD,2020-06-15,8.66,,,10.67,,12.68,,7.91,5.27,7.41,7.28,6.53,,,8.16,7.66,8.66,6.03,6.4,,6.53,8.41,9.41,,69.0
364,US-SD,US,United States,South Dakota,US-SD,2020-06-22,8.05,6.67,,8.18,,7.55,,7.55,,9.06,7.92,6.16,7.04,8.3,10.44,,,5.66,7.17,,6.67,8.68,7.8,6.29,44.0
365,US-SD,US,United States,South Dakota,US-SD,2020-06-29,,,,,9.07,7.64,5.57,8.68,8.42,7.13,,5.83,,7.13,8.81,,5.96,6.87,7.13,,5.44,7.26,7.26,5.44,39.0
366,US-SD,US,United States,South Dakota,US-SD,2020-07-06,6.42,,7.03,9.13,6.42,7.28,6.42,7.03,9.62,7.03,7.9,,5.18,7.16,8.27,5.92,7.16,6.54,5.8,7.4,6.79,9.38,7.77,,47.0
367,US-SD,US,United States,South Dakota,US-SD,2020-07-13,7.02,,5.29,9.24,12.31,9.36,6.03,8.25,8.0,9.48,5.67,,,6.9,10.59,5.54,9.36,8.62,6.53,4.93,,6.77,9.48,,36.0
368,US-SD,US,United States,South Dakota,US-SD,2020-07-20,,6.55,,9.26,7.66,10.01,,8.03,6.18,8.65,8.15,,6.92,5.06,6.79,,8.4,6.18,9.51,6.05,,,9.14,,27.0
369,US-SD,US,United States,South Dakota,US-SD,2020-07-27,,7.93,8.18,6.94,5.7,11.4,,7.19,9.29,9.91,6.44,,6.69,,9.29,,5.82,6.82,5.82,5.95,5.08,5.82,9.29,,34.0
370,US-SD,US,United States,South Dakota,US-SD,2020-08-03,5.97,5.97,,6.09,9.02,9.75,,5.85,12.43,9.75,8.17,8.41,7.8,7.19,9.14,,6.71,5.36,9.87,,5.0,,11.21,,41.0
371,US-SD,US,United States,South Dakota,US-SD,2020-08-10,4.96,,,7.74,5.2,9.44,,6.66,11.37,5.81,10.65,5.45,7.02,7.38,7.38,5.45,5.57,,5.45,,5.08,7.14,8.11,,40.0
372,US-SD,US,United States,South Dakota,US-SD,2020-08-17,10.94,,4.82,9.76,7.41,8.94,,8.23,10.82,6.35,10.23,7.64,8.82,5.29,12.0,,,7.06,6.94,5.06,8.94,8.12,12.94,,43.0
373,US-SD,US,United States,South Dakota,US-SD,2020-08-24,10.6,6.03,5.02,7.59,6.47,8.26,7.37,9.37,7.25,8.7,8.81,,4.8,7.48,9.04,5.58,7.14,7.92,8.48,6.47,6.03,6.92,8.81,,58.0
374,US-SD,US,United States,South Dakota,US-SD,2020-08-31,10.34,6.82,6.93,8.06,7.84,11.02,9.54,7.04,7.5,6.47,6.47,7.38,5.57,6.36,8.86,4.88,5.91,7.27,13.63,6.25,7.95,6.82,11.02,,62.0
375,US-SD,US,United States,South Dakota,US-SD,2020-09-07,5.56,6.56,4.67,7.67,6.11,8.67,6.89,6.0,10.22,10.11,6.22,15.45,,7.89,14.11,6.56,4.45,8.0,11.45,5.33,7.78,4.67,9.56,,86.0
376,US-SD,US,United States,South Dakota,US-SD,2020-09-14,7.17,4.41,7.17,10.04,5.84,9.04,11.47,7.94,9.6,5.4,5.74,13.35,8.38,6.29,6.73,,7.83,6.73,5.96,7.28,9.38,6.84,12.46,4.85,123.0
377,US-SD,US,United States,South Dakota,US-SD,2020-09-21,,,6.96,6.74,,11.17,8.51,8.29,10.61,8.51,9.95,13.82,,5.75,6.74,7.08,8.62,9.73,7.3,5.42,8.96,8.18,13.16,6.86,185.0
378,US-VT,US,United States,Vermont,US-VT,2020-03-09,7.03,6.73,11.81,8.52,8.67,6.13,14.35,6.28,11.06,6.73,10.02,,22.13,8.97,9.12,,13.46,8.07,11.36,6.88,15.25,7.33,9.87,32.45,0.0
379,US-VT,US,United States,Vermont,US-VT,2020-03-16,,6.88,6.58,,10.68,9.36,11.12,6.29,10.68,12.0,10.83,9.95,16.24,6.88,7.61,,8.19,6.44,15.07,19.46,13.02,,8.19,22.68,0.0
380,US-VT,US,United States,Vermont,US-VT,2020-03-23,,,7.72,7.01,9.4,7.58,11.5,9.12,8.42,7.44,12.07,19.78,9.68,7.72,7.29,7.01,13.47,6.59,11.93,17.26,11.64,,6.73,17.12,18.0
381,US-VT,US,United States,Vermont,US-VT,2020-03-30,6.02,6.86,7.0,10.36,7.56,,10.92,9.94,14.14,8.82,9.8,7.14,6.16,9.52,9.38,6.44,10.22,10.64,14.28,14.7,15.82,6.16,8.68,12.32,27.0
382,US-VT,US,United States,Vermont,US-VT,2020-04-06,6.37,,6.94,10.05,9.21,6.94,12.32,9.21,10.05,5.81,9.06,9.63,,8.21,,,14.45,8.21,12.89,6.66,14.3,,8.64,10.9,-45.0
383,US-VT,US,United States,Vermont,US-VT,2020-04-13,,7.6,7.74,11.26,8.86,8.44,6.89,9.14,7.17,8.72,9.29,8.02,,8.86,8.72,,13.65,6.61,10.97,7.74,6.61,8.58,6.89,8.44,0.0
384,US-VT,US,United States,Vermont,US-VT,2020-04-20,,7.54,,8.85,,10.16,,12.48,12.91,7.98,8.13,,7.54,8.27,7.4,10.16,12.33,8.27,13.64,7.54,9.0,7.11,,,0.0
385,US-VT,US,United States,Vermont,US-VT,2020-04-27,,,,14.39,,8.72,,6.4,12.36,9.3,7.56,9.16,8.87,,8.43,7.71,7.27,10.9,11.92,8.14,7.12,7.85,9.45,8.29,0.0
386,US-VT,US,United States,Vermont,US-VT,2020-05-04,7.74,6.59,7.88,8.03,,9.6,,9.89,10.03,6.88,10.46,10.03,6.16,9.89,9.6,9.46,8.17,10.03,14.04,7.74,8.31,8.31,8.88,,0.0
387,US-VT,US,United States,Vermont,US-VT,2020-05-11,,10.63,,9.18,5.83,8.45,8.3,11.07,13.11,8.01,8.88,,7.57,9.61,12.38,7.28,9.32,5.83,14.71,7.14,7.14,,10.2,,0.0
388,US-VT,US,United States,Vermont,US-VT,2020-05-18,14.76,10.81,,11.11,,8.98,7.76,6.85,9.59,8.22,9.89,10.2,,,7.76,6.24,7.76,7.46,11.72,8.68,,,,,0.0
389,US-VT,US,United States,Vermont,US-VT,2020-05-25,10.72,,,8.19,,9.53,,9.09,10.43,10.28,10.28,9.83,,9.23,6.55,6.85,,8.19,10.28,6.26,6.26,7.75,7.0,,0.0
390,US-VT,US,United States,Vermont,US-VT,2020-06-01,8.3,9.19,,7.41,,9.78,,11.71,9.04,9.48,11.26,10.23,7.26,8.3,,,,8.6,6.52,,6.82,5.93,8.0,,0.0
391,US-VT,US,United States,Vermont,US-VT,2020-06-08,9.32,7.7,,12.73,,8.73,6.51,9.77,7.84,10.65,14.5,12.43,,7.55,8.88,,6.81,9.18,11.39,,,7.84,7.7,,0.0
392,US-VT,US,United States,Vermont,US-VT,2020-06-15,8.6,10.6,,10.14,6.91,9.52,,10.6,11.67,8.91,6.91,9.06,,8.45,7.22,,9.37,9.83,11.21,6.76,,,7.83,,0.0
393,US-VT,US,United States,Vermont,US-VT,2020-06-22,,6.72,,,6.42,8.07,6.28,11.36,11.5,10.31,7.62,7.62,,7.77,11.5,,8.96,8.07,11.36,,,6.42,8.52,,0.0
394,US-VT,US,United States,Vermont,US-VT,2020-06-29,,6.48,,6.63,7.69,8.44,,6.33,12.06,10.25,6.03,8.44,,6.33,,,8.74,,11.76,,6.48,,6.18,,0.0
395,US-VT,US,United States,Vermont,US-VT,2020-07-06,,,6.12,8.89,6.85,12.25,6.27,6.71,8.6,12.98,5.98,8.75,,10.5,6.27,6.85,,,12.1,9.04,,5.83,8.46,,0.0
396,US-VT,US,United States,Vermont,US-VT,2020-07-13,8.28,7.69,,7.99,7.1,11.39,7.84,10.06,12.57,13.16,,7.1,,9.32,7.54,7.84,7.1,8.13,10.65,6.21,7.1,10.2,9.46,,0.0
397,US-VT,US,United States,Vermont,US-VT,2020-07-20,,8.31,,8.61,,5.94,,10.09,10.24,9.65,7.27,6.53,,7.72,7.12,,8.31,,12.61,7.42,,10.39,8.61,,0.0
398,US-VT,US,United States,Vermont,US-VT,2020-07-27,7.5,6.18,,10.45,5.89,12.65,6.18,8.54,9.71,13.83,10.01,6.62,6.77,,9.56,6.18,,8.83,13.39,10.89,,6.03,10.15,,0.0
399,US-VT,US,United States,Vermont,US-VT,2020-08-03,7.49,9.4,,13.96,,11.31,,7.64,9.11,14.25,9.7,7.93,7.05,8.37,7.64,6.17,9.84,8.96,10.43,7.79,,7.49,10.72,,0.0
400,US-VT,US,United States,Vermont,US-VT,2020-08-10,6.94,7.38,,7.53,,14.03,,8.86,13.88,7.24,7.38,7.09,10.04,10.04,6.5,8.42,9.16,16.84,11.52,7.24,,9.31,11.67,,0.0
401,US-VT,US,United States,Vermont,US-VT,2020-08-17,7.3,10.37,,10.51,,13.14,,11.39,12.12,14.89,6.72,,5.99,9.34,10.66,,6.86,7.59,16.35,,,7.59,,,0.0
402,US-VT,US,United States,Vermont,US-VT,2020-08-24,5.96,8.23,,8.09,7.24,8.8,7.52,9.79,10.36,12.77,11.63,7.8,,,9.36,,8.09,10.64,12.34,6.95,7.24,9.65,6.67,,0.0
403,US-VT,US,United States,Vermont,US-VT,2020-08-31,,,,11.92,5.96,14.47,6.81,13.48,13.76,11.49,10.21,6.1,8.79,9.79,10.21,6.67,,6.24,10.64,,6.38,9.65,,,0.0
404,US-VT,US,United States,Vermont,US-VT,2020-09-07,6.38,8.46,,9.71,7.49,14.01,7.91,10.68,13.45,12.07,6.24,23.71,,9.43,10.68,6.66,6.24,7.49,11.37,5.96,6.24,8.18,9.85,,0.0
405,US-VT,US,United States,Vermont,US-VT,2020-09-14,7.55,9.2,,9.89,6.04,10.99,,10.85,13.32,11.54,6.04,10.58,,8.65,5.91,,7.28,7.55,15.11,9.34,7.83,9.2,6.59,,0.0
406,US-VT,US,United States,Vermont,US-VT,2020-09-21,,8.48,,9.71,,11.63,9.99,8.89,14.78,12.86,6.84,12.45,6.16,8.89,9.85,5.75,10.54,10.12,16.14,7.25,7.94,7.8,14.09,,0.0
407,US-WV,US,United States,West Virginia,US-WV,2020-03-09,23.04,15.73,29.89,21.02,19.62,21.02,24.91,,,21.02,,25.54,44.69,19.62,,17.75,28.03,19.15,19.46,21.33,30.67,18.84,27.09,71.31,0.0
408,US-WV,US,United States,West Virginia,US-WV,2020-03-16,23.88,13.4,23.57,23.88,26.35,14.48,33.28,,,22.65,,22.65,39.91,11.25,,10.79,30.35,20.34,17.26,28.66,35.13,18.18,20.49,70.88,1.0
409,US-WV,US,United States,West Virginia,US-WV,2020-03-23,21.09,11.66,18.09,24.52,29.01,16.6,27.96,,,12.11,,66.4,31.85,19.29,,16.75,28.11,22.73,20.94,28.56,30.95,14.21,21.83,40.53,0.0
410,US-WV,US,United States,West Virginia,US-WV,2020-03-30,25.87,16.11,17.74,27.49,28.68,19.22,24.98,,,15.67,,28.68,23.65,20.25,,18.33,34.29,18.33,18.18,23.8,25.57,16.41,27.35,27.05,-1.0
411,US-WV,US,United States,West Virginia,US-WV,2020-04-06,21.45,16.05,14.85,22.36,25.21,18.61,22.06,,,18.3,,18.16,15.9,21.16,,18.91,29.56,22.81,20.11,22.66,20.7,22.06,24.76,19.2,0.0
412,US-WV,US,United States,West Virginia,US-WV,2020-04-13,21.15,18.56,10.5,26.62,21.87,16.84,24.03,,,17.55,,21.01,16.26,19.71,,20.0,37.7,21.58,21.01,18.99,19.86,19.57,21.15,16.69,0.0
413,US-WV,US,United States,West Virginia,US-WV,2020-04-20,21.51,17.73,9.59,26.46,22.53,14.39,17.73,,,17.01,,25.44,14.1,21.51,,18.61,21.37,19.19,21.8,16.57,20.35,18.75,23.26,14.54,0.0
414,US-WV,US,United States,West Virginia,US-WV,2020-04-27,17.09,17.39,11.0,23.63,19.47,20.21,16.79,,,18.43,,26.45,14.56,25.86,,18.58,22.59,25.12,21.55,15.9,23.48,17.68,25.86,13.52,0.0
415,US-WV,US,United States,West Virginia,US-WV,2020-05-04,21.73,21.43,9.59,24.13,23.38,17.68,16.94,,,19.48,,17.54,12.89,22.48,,22.48,26.68,22.78,28.63,11.54,16.34,21.73,21.13,10.19,0.0
416,US-WV,US,United States,West Virginia,US-WV,2020-05-11,23.99,13.07,9.54,18.3,15.69,16.92,17.99,,,21.07,,13.23,11.23,20.3,,18.3,27.22,19.38,18.15,15.69,17.07,14.3,21.22,11.07,0.0
417,US-WV,US,United States,West Virginia,US-WV,2020-05-18,19.79,15.89,10.44,24.93,11.84,19.48,14.34,,,18.39,,18.54,9.82,23.37,,12.47,24.15,19.32,21.35,7.17,16.98,17.92,19.17,7.01,0.0
418,US-WV,US,United States,West Virginia,US-WV,2020-05-25,27.4,15.15,7.58,20.63,9.67,20.47,16.92,,,15.63,,13.7,18.05,21.27,,17.41,29.98,22.24,14.83,12.41,12.41,19.66,28.04,10.64,0.0
419,US-WV,US,United States,West Virginia,US-WV,2020-06-01,26.35,18.43,12.93,22.63,14.22,20.2,15.03,,,21.01,,16.97,12.61,26.18,,12.61,21.34,18.91,16.49,14.71,14.71,19.07,22.47,,0.0
420,US-WV,US,United States,West Virginia,US-WV,2020-06-08,17.33,16.2,11.87,24.55,13.48,20.86,13.96,,,24.39,,19.73,15.56,19.89,,16.04,20.05,21.82,11.39,9.63,9.3,17.49,23.58,,0.0
421,US-WV,US,United States,West Virginia,US-WV,2020-06-15,14.87,19.23,10.99,20.85,16.16,24.41,15.36,,,19.56,,16.0,13.09,19.07,,12.45,22.31,25.7,17.3,14.22,15.84,20.53,27.8,,0.0
422,US-WV,US,United States,West Virginia,US-WV,2020-06-22,14.85,14.53,12.11,21.47,17.76,25.19,13.08,,,22.77,,19.54,11.3,19.7,,15.18,24.86,20.34,22.28,13.56,12.59,20.5,36.17,9.85,0.0
423,US-WV,US,United States,West Virginia,US-WV,2020-06-29,14.37,19.21,14.7,23.72,15.37,21.38,15.7,,,22.38,,21.71,15.2,22.38,,15.53,23.05,20.04,16.37,18.37,14.03,22.21,21.38,7.01,0.0
424,US-WV,US,United States,West Virginia,US-WV,2020-07-06,13.96,16.36,11.55,22.62,18.61,26.15,13.32,,,22.14,,19.57,11.71,23.91,,13.32,22.78,20.86,25.83,15.88,20.7,19.89,29.36,10.91,0.0
425,US-WV,US,United States,West Virginia,US-WV,2020-07-13,15.01,16.3,,28.08,12.75,29.53,8.88,,,23.88,,20.17,14.36,21.46,,15.01,20.01,26.46,17.27,19.69,19.85,18.56,25.66,12.43,0.0
426,US-WV,US,United States,West Virginia,US-WV,2020-07-20,15.02,17.76,11.95,23.41,18.41,26.32,18.73,,,22.44,,16.79,8.72,20.66,,19.21,27.77,29.71,20.99,15.18,15.82,22.28,37.46,12.27,0.0
427,US-WV,US,United States,West Virginia,US-WV,2020-07-27,15.51,20.31,12.79,29.43,16.15,14.87,14.39,,,25.43,,19.51,13.75,24.15,,13.27,24.79,23.03,15.99,14.23,15.51,21.59,21.59,16.95,0.0
428,US-WV,US,United States,West Virginia,US-WV,2020-08-03,11.27,20.6,11.59,25.75,12.55,31.55,17.38,,,26.4,,20.6,13.68,18.99,,18.19,18.35,23.82,19.96,14.97,18.19,19.48,29.46,9.18,0.0
429,US-WV,US,United States,West Virginia,US-WV,2020-08-10,14.81,21.74,10.71,22.69,17.65,25.84,13.08,,,28.05,,26.0,17.33,18.59,,19.22,25.37,20.96,16.7,14.02,12.29,21.43,26.79,14.81,0.0
430,US-WV,US,United States,West Virginia,US-WV,2020-08-17,15.11,19.21,13.22,25.03,13.85,29.91,19.05,,,22.51,,17.16,15.43,20.78,,13.22,22.36,26.76,21.41,12.12,21.41,22.67,19.52,10.86,0.0
431,US-WV,US,United States,West Virginia,US-WV,2020-08-24,9.9,15.98,10.2,23.45,17.66,27.86,18.57,,,26.19,,23.14,11.42,24.97,,15.53,25.27,29.69,27.4,13.09,20.86,23.6,34.86,11.27,0.0
432,US-WV,US,United States,West Virginia,US-WV,2020-08-31,19.64,17.03,9.05,24.71,19.64,25.32,15.04,,,25.93,,25.32,18.26,29.92,,17.34,25.32,25.17,17.65,11.97,18.57,18.41,26.85,11.36,0.0
433,US-WV,US,United States,West Virginia,US-WV,2020-09-07,8.88,15.65,18.06,22.88,17.01,26.49,21.37,,,23.03,,29.95,18.97,37.33,,23.33,26.49,21.37,20.92,15.2,24.54,24.84,28.15,11.74,0.0
434,US-WV,US,United States,West Virginia,US-WV,2020-09-14,12.84,16.87,12.09,31.8,14.93,24.78,20.9,,,22.54,,30.0,21.64,26.42,,13.73,27.17,22.24,18.81,9.11,22.69,18.21,28.81,14.03,0.0
435,US-WV,US,United States,West Virginia,US-WV,2020-09-21,13.18,15.84,16.73,25.46,16.29,27.24,22.5,,,27.09,,28.87,14.8,23.39,,15.25,29.76,19.39,24.43,14.06,24.13,25.17,25.02,16.29,0.0
436,US-WY,US,United States,Wyoming,US-WY,2020-03-09,,,3.37,,,,3.19,2.91,,2.45,3.37,3.48,5.82,,2.28,,4.34,,2.74,3.77,2.91,,2.34,8.79,0.0
437,US-WY,US,United States,Wyoming,US-WY,2020-03-16,,,3.52,,3.7,,4.35,,2.64,,3.0,2.82,4.29,,4.05,,3.0,,,5.05,4.17,,,9.57,0.0
438,US-WY,US,United States,Wyoming,US-WY,2020-03-23,2.43,,,2.6,3.79,,3.16,2.54,2.6,,3.56,8.65,3.05,,4.29,,,3.28,3.79,4.63,3.22,,,8.31,15.0
439,US-WY,US,United States,Wyoming,US-WY,2020-03-30,2.74,,2.25,,,,2.19,2.3,,,4.17,,3.18,,,2.91,2.58,,2.25,3.45,3.34,,,5.43,8.0
440,US-WY,US,United States,Wyoming,US-WY,2020-04-06,,,,,3.44,3.22,,2.57,,,,3.06,,2.18,,,2.73,,3.22,2.95,2.4,,2.62,,17.0
441,US-WY,US,United States,Wyoming,US-WY,2020-04-13,2.38,,,,,2.22,,3.22,2.69,2.17,2.91,4.23,2.59,,2.54,2.59,2.91,3.17,2.85,,,,,4.01,10.0
442,US-WY,US,United States,Wyoming,US-WY,2020-04-20,,,,,,,4.93,2.3,2.19,,,5.48,2.41,,2.96,,3.18,3.02,2.19,2.19,2.36,2.63,2.36,,4.0
443,US-WY,US,United States,Wyoming,US-WY,2020-04-27,,,,,,,,,3.41,3.41,2.85,2.85,,,5.03,,2.74,,2.74,2.68,,2.52,,,6.0
444,US-WY,US,United States,Wyoming,US-WY,2020-05-04,,3.45,,2.83,,,2.54,3.79,3.28,2.6,3.39,3.33,,,,,,,3.45,,,,,,5.0
445,US-WY,US,United States,Wyoming,US-WY,2020-05-11,,,,2.85,,,,2.45,,,,3.13,,,3.58,,2.62,,2.79,,,,2.73,,5.0
446,US-WY,US,United States,Wyoming,US-WY,2020-05-18,2.77,,,,,2.65,,,2.47,,2.89,,,,3.36,,,3.24,3.95,,,,2.77,,8.0
447,US-WY,US,United States,Wyoming,US-WY,2020-05-25,2.91,,,,,,,,,2.42,2.42,,,,,,,,,,,,,,7.0
448,US-WY,US,United States,Wyoming,US-WY,2020-06-01,3.7,,,2.63,3.17,,2.57,2.93,,2.63,2.51,,,,2.57,,,2.45,3.17,,,2.57,2.45,,5.0
449,US-WY,US,United States,Wyoming,US-WY,2020-06-08,3.4,,,,,,,2.39,,2.63,2.87,,,2.45,2.57,,,3.46,,,,,,,3.0
450,US-WY,US,United States,Wyoming,US-WY,2020-06-15,2.85,2.73,,,,,,2.91,2.43,,2.38,,,,3.92,,,2.73,,,,,,,7.0
451,US-WY,US,United States,Wyoming,US-WY,2020-06-22,3.64,,,3.05,,,2.64,2.64,,,,,,2.88,,,,,,,,,3.11,,12.0
452,US-WY,US,United States,Wyoming,US-WY,2020-06-29,,,,2.52,4.02,3.12,,,,,3.66,,,,2.64,,2.7,,2.46,,,,,,7.0
453,US-WY,US,United States,Wyoming,US-WY,2020-07-06,2.87,,,2.53,,4.08,,2.59,,3.39,3.56,2.3,,,,,,,2.93,,,2.59,2.87,,5.0
454,US-WY,US,United States,Wyoming,US-WY,2020-07-13,2.28,,,2.86,,2.63,,,3.03,2.4,2.63,,,,2.63,,2.28,,,,,,2.97,,19.0
455,US-WY,US,United States,Wyoming,US-WY,2020-07-20,,,,2.87,,,,3.44,2.35,,,,,,3.1,,2.98,,2.81,,,,2.35,,15.0
456,US-WY,US,United States,Wyoming,US-WY,2020-07-27,,3.21,,,,2.41,2.87,2.46,,2.81,2.69,,,,3.78,,3.04,,3.15,,,2.41,,,9.0
457,US-WY,US,United States,Wyoming,US-WY,2020-08-03,,,,2.57,,,,,3.6,2.8,,,,,,,2.28,2.97,,,,2.4,,,10.0
458,US-WY,US,United States,Wyoming,US-WY,2020-08-10,,,,2.34,,4.39,,,2.45,3.99,,,,,3.94,,,2.74,,2.97,,,2.57,,14.0
459,US-WY,US,United States,Wyoming,US-WY,2020-08-17,,,,2.69,,4.66,,2.53,2.3,2.75,2.25,,,,3.2,,,,2.53,,,2.42,,,16.0
460,US-WY,US,United States,Wyoming,US-WY,2020-08-24,3.42,,,4.53,2.54,3.31,,2.76,2.87,3.37,2.37,,,2.6,,2.37,3.92,,,,,,2.48,,8.0
461,US-WY,US,United States,Wyoming,US-WY,2020-08-31,,,,,,3.13,2.85,3.02,2.68,2.68,,,,,2.46,,,2.63,2.85,2.9,,,,,4.0
462,US-WY,US,United States,Wyoming,US-WY,2020-09-07,2.2,2.25,,2.42,3.36,,2.75,2.48,2.48,2.92,3.74,2.53,,,2.7,,2.48,,2.86,2.2,2.48,,,,9.0
463,US-WY,US,United States,Wyoming,US-WY,2020-09-14,,,,3.61,,2.9,,2.62,3.88,3.17,2.51,,2.19,,,2.24,,2.46,3.88,,2.57,2.68,,,15.0
464,US-WY,US,United States,Wyoming,US-WY,2020-09-21,,,,2.74,2.52,2.96,2.52,2.68,3.06,3.56,2.19,4.38,,2.41,2.79,2.19,,,2.24,,2.74,,3.23,,19.0
